Ticker,Type,Contract_Name,Last_Trade_Date,Strike,Last_Price,Bid,Ask,Change,Pct_Change,Volume,Open_Interest,Implied_Volatility,Ticker_Price,Avg_Price,Likely_Price,Profit_Pct,Flag
TMQ,Call,TMQ210219C00002500,2021-01-29 2:22PM EST,2.5,0.05,0.0,0.1,-0.05,-50.00%,63,398,89.06%,2.08,0.05,0.05,0.02403846153846154,no
TMQ,Call,TMQ210219C00005000,2021-01-25 12:59PM EST,5.0,0.05,0.0,0.45,0.0,-,4,5,376.56%,2.08,0.225,0.05,0.02403846153846154,no
TMQ,Call,TMQ210219C00007500,2021-01-11 1:12PM EST,7.5,0.05,0.0,0.45,0.0,-,-,40,462.50%,2.08,0.225,0.05,0.02403846153846154,no
TMQ,Put,TMQ210219P00002500,2021-01-21 10:24AM EST,2.5,0.55,0.45,1.5,0.0,-,1,22,360.16%,2.08,0.975,0.55,0.22000000000000006,no
AXU,Call,AXU210219C00002500,2021-01-29 3:50PM EST,2.5,0.45,0.4,0.45,0.03,+7.14%,365,957,92.97%,2.82,0.425,0.425,0.15070921985815605,no
AXU,Call,AXU210219C00005000,2021-01-29 9:58AM EST,5.0,0.03,0.0,0.05,-0.02,-40.00%,54,850,146.88%,2.82,0.025,0.025,0.008865248226950355,yes
AXU,Put,AXU210219P00002500,2021-01-29 9:30AM EST,2.5,0.1,0.05,0.15,-0.05,-33.33%,22,"12,773",90.63%,2.82,0.1,0.1,0.04,yes
AXU,Put,AXU210219P00005000,2021-01-26 12:34PM EST,5.0,2.34,1.3,2.85,0.0,-,1,29,446.09%,2.82,2.075,2.075,0.415,no
AXU,Put,AXU210219P00007500,2021-01-27 3:40PM EST,7.5,5.0,3.7,6.2,0.0,-,2,3,382.81%,2.82,4.95,4.95,0.66,no
HL,Call,HL210219C00001000,2021-01-12 9:33AM EST,1.0,4.85,2.65,7.5,0.0,-,1,1,862.50%,5.69,5.075,4.85,0.8523725834797891,no
HL,Call,HL210219C00002000,2021-01-15 12:26PM EST,2.0,3.44,1.55,6.5,0.0,-,1,68,484.38%,5.69,4.025,3.44,0.6045694200351494,no
HL,Call,HL210219C00002500,2021-01-27 9:30AM EST,2.5,2.36,1.15,6.0,0.0,-,6,26,417.97%,5.69,3.575,2.36,0.4147627416520209,no
HL,Call,HL210219C00003000,2021-01-26 9:31AM EST,3.0,3.5,0.59,4.7,1.36,+63.55%,3,52,993.75%,5.69,2.645,2.645,0.4648506151142355,no
HL,Call,HL210219C00004000,2021-01-27 1:09PM EST,4.0,1.7,0.02,1.8,0.0,-,2,116,139.06%,5.69,0.91,0.91,0.15992970123022845,no
HL,Call,HL210219C00004500,2021-01-28 2:31PM EST,4.5,1.22,0.18,2.51,0.0,-,12,20,118.75%,5.69,1.345,1.22,0.21441124780316345,no
HL,Call,HL210219C00005000,2021-01-29 3:35PM EST,5.0,0.96,0.93,1.16,0.04,+4.35%,343,"2,201",129.30%,5.69,1.045,0.96,0.16871704745166954,no
HL,Call,HL210219C00005500,2021-01-29 3:39PM EST,5.5,0.72,0.65,0.77,-0.08,-10.00%,85,779,117.19%,5.69,0.71,0.71,0.12478031634446395,no
HL,Call,HL210219C00006000,2021-01-29 3:33PM EST,6.0,0.52,0.51,0.56,0.03,+6.12%,"1,118","6,927",125.00%,5.69,0.535,0.52,0.09138840070298768,yes
HL,Call,HL210219C00006500,2021-01-29 3:29PM EST,6.5,0.4,0.36,0.45,0.1,+33.33%,159,610,130.86%,5.69,0.405,0.4,0.07029876977152899,no
HL,Call,HL210219C00007000,2021-01-29 3:58PM EST,7.0,0.31,0.3,0.32,0.03,+10.71%,"1,632","4,553",135.94%,5.69,0.31,0.31,0.05448154657293497,no
HL,Call,HL210219C00007500,2021-01-29 3:25PM EST,7.5,0.23,0.22,0.26,0.03,+15.00%,100,91,140.63%,5.69,0.24,0.23,0.04042179261862917,no
HL,Call,HL210219C00008000,2021-01-29 1:08PM EST,8.0,0.19,0.16,0.22,0.04,+26.67%,329,"1,067",145.70%,5.69,0.19,0.19,0.03339191564147627,no
HL,Call,HL210219C00009000,2021-01-29 3:56PM EST,9.0,0.14,0.11,0.15,0.0,-,78,"5,921",156.25%,5.69,0.13,0.13,0.022847100175746926,no
HL,Call,HL210219C00010000,2021-01-29 12:44PM EST,10.0,0.1,0.01,0.14,-0.05,-33.33%,26,470,157.81%,5.69,0.07500000000000001,0.07500000000000001,0.013181019332161687,no
HL,Put,HL210219P00001000,2021-01-19 11:10AM EST,1.0,0.01,0.0,0.2,0.0,-,-,150,537.50%,5.69,0.1,0.01,0.01,no
HL,Put,HL210219P00002000,2021-01-22 12:51PM EST,2.0,0.02,0.0,4.3,0.0,-,8,8,0.00%,5.69,2.15,0.02,0.01,no
HL,Put,HL210219P00002500,2021-01-20 1:04PM EST,2.5,0.02,0.01,0.1,0.0,-,-,15,231.25%,5.69,0.055,0.02,0.008,no
HL,Put,HL210219P00003000,2021-01-26 10:00AM EST,3.0,0.02,0.01,4.3,0.0,-,4,13,"1,075.00%",5.69,2.155,0.02,0.006666666666666667,no
HL,Put,HL210219P00003500,2021-01-25 12:26PM EST,3.5,0.03,0.02,4.3,0.0,-,4,8,876.56%,5.69,2.16,0.03,0.008571428571428572,no
HL,Put,HL210219P00004000,2021-01-26 12:49PM EST,4.0,0.01,0.01,2.0,0.0,-,1,89,397.66%,5.69,1.005,0.01,0.0025,no
HL,Put,HL210219P00004500,2021-01-29 9:30AM EST,4.5,0.11,0.0,0.3,-0.03,-21.43%,2,55,117.19%,5.69,0.15,0.11,0.024444444444444446,no
HL,Put,HL210219P00005000,2021-01-29 12:31PM EST,5.0,0.29,0.17,0.32,-0.01,-3.33%,7,953,104.30%,5.69,0.245,0.245,0.049,no
HL,Put,HL210219P00005500,2021-01-29 2:36PM EST,5.5,0.52,0.43,0.55,-0.08,-13.33%,16,58,111.33%,5.69,0.49,0.49,0.0890909090909091,yes
HL,Put,HL210219P00006000,2021-01-29 3:33PM EST,6.0,0.8,0.79,1.11,-0.05,-5.88%,31,867,144.53%,5.69,0.95,0.8,0.13333333333333333,no
HL,Put,HL210219P00006500,2021-01-29 10:26AM EST,6.5,1.02,0.05,3.4,-0.43,-29.66%,10,0,227.73%,5.69,1.725,1.02,0.15692307692307692,no
HL,Put,HL210219P00007000,2021-01-29 11:29AM EST,7.0,1.65,0.78,1.64,-0.23,-12.23%,3,350,140.23%,5.69,1.21,1.21,0.17285714285714285,no
HL,Put,HL210219P00008000,2021-01-12 9:30AM EST,8.0,2.26,0.38,3.25,0.0,-,1,7,301.95%,5.69,1.815,1.815,0.226875,no
HL,Put,HL210219P00010000,2021-01-19 12:08AM EST,10.0,4.25,1.57,6.05,0.0,-,-,10,517.19%,5.69,3.81,3.81,0.381,no
PAAS,Call,PAAS210219C00020000,2021-01-28 2:17PM EST,20.0,10.57,11.95,13.15,0.0,-,4,18,113.28%,32.46,12.55,10.57,0.32563154651879234,no
PAAS,Call,PAAS210219C00022000,2021-01-20 10:42AM EST,22.0,9.0,10.0,10.95,0.0,-,3,4,71.88%,32.46,10.475,9.0,0.27726432532347506,no
PAAS,Call,PAAS210219C00023000,2021-01-26 1:52PM EST,23.0,7.3,8.7,9.9,0.0,-,1,2,122.85%,32.46,9.3,7.3,0.2248921749845964,no
PAAS,Call,PAAS210219C00024000,2021-01-27 3:17PM EST,24.0,8.9,8.3,8.8,4.25,+91.40%,11,70,75.78%,32.46,8.55,8.55,0.2634011090573013,no
PAAS,Call,PAAS210219C00025000,2021-01-29 1:07PM EST,25.0,8.01,7.65,8.2,1.77,+28.37%,19,235,101.56%,32.46,7.925,7.925,0.24414664202094885,no
PAAS,Call,PAAS210219C00026000,2021-01-28 10:47AM EST,26.0,7.25,6.75,7.05,0.84,+13.10%,1,68,88.77%,32.46,6.9,6.9,0.21256931608133087,no
PAAS,Call,PAAS210219C00027000,2021-01-29 2:29PM EST,27.0,6.0,5.8,6.15,1.2,+25.00%,6,57,82.32%,32.46,5.975,5.975,0.18407270486752925,no
PAAS,Call,PAAS210219C00028000,2021-01-29 1:00PM EST,28.0,5.33,5.1,5.5,0.68,+14.62%,14,158,87.11%,32.46,5.3,5.3,0.16327788046826866,no
PAAS,Call,PAAS210219C00029000,2021-01-29 3:14PM EST,29.0,4.53,4.25,4.6,1.13,+33.24%,45,234,80.08%,32.46,4.425,4.425,0.13632162661737526,no
PAAS,Call,PAAS210219C00030000,2021-01-29 3:14PM EST,30.0,3.85,3.6,3.95,0.85,+28.33%,223,"1,369",80.47%,32.46,3.775,3.775,0.1162969808995687,no
PAAS,Call,PAAS210219C00031000,2021-01-29 3:54PM EST,31.0,3.2,3.0,3.3,0.67,+26.48%,359,"1,345",79.39%,32.46,3.15,3.15,0.09704251386321626,no
PAAS,Call,PAAS210219C00032000,2021-01-29 3:48PM EST,32.0,2.55,2.65,2.79,0.45,+21.43%,568,"1,451",82.62%,32.46,2.72,2.55,0.07855822550831792,no
PAAS,Call,PAAS210219C00033000,2021-01-29 3:44PM EST,33.0,2.22,2.08,2.26,0.47,+26.86%,375,"1,651",79.64%,32.46,2.17,2.17,0.06685150955021564,yes
PAAS,Call,PAAS210219C00034000,2021-01-29 3:06PM EST,34.0,1.86,1.79,1.89,0.51,+37.78%,160,"1,458",81.84%,32.46,1.84,1.84,0.056685150955021565,no
PAAS,Call,PAAS210219C00035000,2021-01-29 3:56PM EST,35.0,1.5,1.5,1.63,0.3,+25.00%,"1,026","3,230",84.08%,32.46,1.565,1.5,0.046210720887245836,no
PAAS,Call,PAAS210219C00036000,2021-01-29 3:37PM EST,36.0,1.3,1.2,1.39,0.3,+30.00%,168,"1,654",84.81%,32.46,1.295,1.295,0.03989525569932224,no
PAAS,Call,PAAS210219C00037000,2021-01-29 3:49PM EST,37.0,1.04,0.99,1.12,0.15,+16.85%,141,786,85.06%,32.46,1.0550000000000002,1.04,0.03203943314849045,no
PAAS,Call,PAAS210219C00038000,2021-01-29 3:54PM EST,38.0,0.92,0.9,0.95,0.16,+21.05%,181,"1,451",88.13%,32.46,0.925,0.92,0.028342575477510783,no
PAAS,Call,PAAS210219C00039000,2021-01-29 3:13PM EST,39.0,0.82,0.75,0.83,0.16,+24.24%,89,"1,407",89.94%,32.46,0.79,0.79,0.02433764633394948,no
PAAS,Call,PAAS210219C00040000,2021-01-29 3:52PM EST,40.0,0.69,0.61,0.72,0.19,+38.00%,"1,563","6,587",91.21%,32.46,0.665,0.665,0.02048675292667899,no
PAAS,Call,PAAS210219C00045000,2021-01-29 2:41PM EST,45.0,0.33,0.29,0.36,0.06,+22.22%,"1,045","1,930",99.61%,32.46,0.325,0.325,0.010012322858903263,no
PAAS,Call,PAAS210219C00050000,2021-01-29 3:45PM EST,50.0,0.2,0.17,0.22,0.01,+5.26%,"1,153","4,131",109.57%,32.46,0.195,0.195,0.006007393715341959,no
PAAS,Put,PAAS210219P00020000,2021-01-27 9:30AM EST,20.0,0.18,0.0,0.38,0.0,-,1,1,131.25%,32.46,0.19,0.18,0.009000000000000001,no
PAAS,Put,PAAS210219P00022000,2021-01-27 2:37PM EST,22.0,0.15,0.0,0.75,0.0,-,1,2,129.10%,32.46,0.375,0.15,0.006818181818181818,no
PAAS,Put,PAAS210219P00023000,2021-01-27 2:55PM EST,23.0,0.28,0.03,0.67,0.0,-,5,91,115.23%,32.46,0.35000000000000003,0.28,0.012173913043478262,no
PAAS,Put,PAAS210219P00024000,2021-01-29 10:39AM EST,24.0,0.17,0.11,0.28,-0.27,-61.36%,11,94,89.45%,32.46,0.195,0.17,0.007083333333333335,no
PAAS,Put,PAAS210219P00025000,2021-01-29 1:43PM EST,25.0,0.31,0.27,0.4,-0.14,-31.11%,3,592,92.09%,32.46,0.335,0.31,0.0124,no
PAAS,Put,PAAS210219P00026000,2021-01-29 3:26PM EST,26.0,0.41,0.39,0.5,-0.21,-33.87%,31,888,89.06%,32.46,0.445,0.41,0.015769230769230768,no
PAAS,Put,PAAS210219P00027000,2021-01-29 2:10PM EST,27.0,0.55,0.5,0.7,-0.12,-17.91%,57,"1,129",87.11%,32.46,0.6,0.55,0.02037037037037037,no
PAAS,Put,PAAS210219P00028000,2021-01-29 2:13PM EST,28.0,0.71,0.7,0.9,-0.21,-22.83%,60,"1,019",85.25%,32.46,0.8,0.71,0.025357142857142856,no
PAAS,Put,PAAS210219P00029000,2021-01-29 3:25PM EST,29.0,1.14,0.97,1.12,-0.26,-18.57%,45,"1,295",83.40%,32.46,1.045,1.045,0.03603448275862069,no
PAAS,Put,PAAS210219P00030000,2021-01-29 3:52PM EST,30.0,1.27,1.27,1.48,-0.53,-29.44%,160,"1,318",82.72%,32.46,1.375,1.27,0.04233333333333333,no
PAAS,Put,PAAS210219P00031000,2021-01-29 12:00PM EST,31.0,1.65,1.61,1.86,-0.7,-29.79%,57,"3,441",80.96%,32.46,1.735,1.65,0.0532258064516129,no
PAAS,Put,PAAS210219P00032000,2021-01-29 2:48PM EST,32.0,2.1,2.05,2.35,-1.8,-46.15%,52,"2,482",80.62%,32.46,2.2,2.1,0.065625,yes
PAAS,Put,PAAS210219P00033000,2021-01-29 2:54PM EST,33.0,2.82,2.72,2.9,-1.05,-27.13%,106,832,82.91%,32.46,2.81,2.81,0.08515151515151516,no
PAAS,Put,PAAS210219P00034000,2021-01-29 2:43PM EST,34.0,3.44,3.25,3.85,-1.74,-33.59%,8,349,87.50%,32.46,3.55,3.44,0.1011764705882353,no
PAAS,Put,PAAS210219P00035000,2021-01-29 1:45PM EST,35.0,4.2,3.85,4.4,-0.8,-16.00%,44,377,84.77%,32.46,4.125,4.125,0.11785714285714285,no
PAAS,Put,PAAS210219P00036000,2021-01-27 3:54PM EST,36.0,8.17,4.75,5.1,0.0,-,1,"2,342",88.09%,32.46,4.925,4.925,0.13680555555555554,no
PAAS,Put,PAAS210219P00037000,2021-01-29 1:41PM EST,37.0,5.42,5.5,5.85,-2.18,-28.68%,5,532,88.09%,32.46,5.675,5.42,0.1464864864864865,no
PAAS,Put,PAAS210219P00038000,2021-01-20 12:07PM EST,38.0,7.4,6.35,6.7,0.0,-,1,126,90.58%,32.46,6.525,6.525,0.17171052631578948,no
PAAS,Put,PAAS210219P00039000,2021-01-22 3:02PM EST,39.0,8.86,7.25,7.7,0.0,-,1,17,96.24%,32.46,7.475,7.475,0.19166666666666665,no
PAAS,Put,PAAS210219P00040000,2021-01-29 12:29PM EST,40.0,7.8,7.9,8.45,-1.9,-19.59%,1,53,89.75%,32.46,8.175,7.8,0.195,no
PAAS,Put,PAAS210219P00045000,2021-01-04 12:55PM EST,45.0,9.2,12.75,13.7,0.0,-,30,31,122.17%,32.46,13.225,9.2,0.20444444444444446,no
AG,Call,AG210219C00005000,2021-01-28 2:12PM EST,5.0,11.45,11.2,14.1,0.0,-,3,26,569.14%,18.12,12.65,11.45,0.6318984547461368,no
AG,Call,AG210219C00006000,2021-01-28 2:45PM EST,6.0,10.87,11.05,13.6,0.0,-,25,95,311.72%,18.12,12.325,10.87,0.5998896247240617,no
AG,Call,AG210219C00007000,2021-01-29 3:35PM EST,7.0,10.8,10.9,11.4,1.6,+17.39%,10,228,190.63%,18.12,11.15,10.8,0.5960264900662252,no
AG,Call,AG210219C00007500,2021-01-28 12:18PM EST,7.5,8.8,10.2,11.85,0.0,-,2,12,302.73%,18.12,11.025,8.8,0.4856512141280354,no
AG,Call,AG210219C00008000,2021-01-21 10:42AM EST,8.0,11.1,10.05,10.45,0.0,-,7,90,214.84%,18.12,10.25,10.25,0.5656732891832229,no
AG,Call,AG210219C00008500,2021-01-25 12:27PM EST,8.5,5.71,9.55,10.0,0.0,-,5,48,208.59%,18.12,9.775,5.71,0.315121412803532,no
AG,Call,AG210219C00009000,2021-01-26 2:19PM EST,9.0,5.3,9.05,9.35,0.0,-,2,77,170.31%,18.12,9.2,5.3,0.2924944812362031,no
AG,Call,AG210219C00009500,2021-01-19 1:32PM EST,9.5,3.0,7.15,10.4,0.0,-,-,2,182.03%,18.12,8.775,3.0,0.16556291390728475,no
AG,Call,AG210219C00010000,2021-01-29 3:02PM EST,10.0,8.29,8.15,8.4,1.29,+18.43%,107,465,169.53%,18.12,8.275,8.275,0.4566777041942605,no
AG,Call,AG210219C00010500,2021-01-27 9:44AM EST,10.5,3.28,6.9,8.85,0.0,-,2,12,178.52%,18.12,7.875,3.28,0.18101545253863133,no
AG,Call,AG210219C00011000,2021-01-29 2:34PM EST,11.0,6.8,7.15,7.5,0.69,+11.29%,83,141,156.64%,18.12,7.325,6.8,0.3752759381898455,no
AG,Call,AG210219C00011500,2021-01-28 10:36AM EST,11.5,7.2,5.05,8.6,0.0,-,3,15,145.31%,18.12,6.824999999999998,6.824999999999998,0.3766556291390728,no
AG,Call,AG210219C00012000,2021-01-29 10:35AM EST,12.0,5.75,6.35,6.6,0.35,+6.48%,54,"1,121",157.42%,18.12,6.475,5.75,0.31732891832229576,no
AG,Call,AG210219C00012500,2021-01-29 12:59PM EST,12.5,5.67,5.85,7.05,2.02,+55.34%,5,229,198.63%,18.12,6.449999999999998,5.67,0.3129139072847682,no
AG,Call,AG210219C00013000,2021-01-29 3:30PM EST,13.0,5.59,5.55,5.85,1.09,+24.22%,280,"3,186",159.38%,18.12,5.699999999999998,5.59,0.3084988962472406,no
AG,Call,AG210219C00013500,2021-01-29 3:53PM EST,13.5,5.25,5.15,6.0,1.1,+26.51%,41,480,182.03%,18.12,5.575,5.25,0.2897350993377483,no
AG,Call,AG210219C00014000,2021-01-29 3:54PM EST,14.0,4.9,4.85,5.0,1.15,+30.67%,228,"7,577",155.18%,18.12,4.925,4.9,0.2704194260485651,no
AG,Call,AG210219C00014500,2021-01-29 2:39PM EST,14.5,4.11,4.5,4.95,0.66,+19.13%,33,"1,072",166.60%,18.12,4.725,4.11,0.2268211920529801,no
AG,Call,AG210219C00015000,2021-01-29 3:51PM EST,15.0,4.35,4.15,4.45,1.1,+33.85%,763,"3,321",158.40%,18.12,4.300000000000002,4.300000000000002,0.2373068432671082,no
AG,Call,AG210219C00015500,2021-01-29 3:55PM EST,15.5,4.05,3.75,4.1,1.05,+35.00%,147,552,153.32%,18.12,3.925,3.925,0.21661147902869754,no
AG,Call,AG210219C00016000,2021-01-29 3:46PM EST,16.0,3.7,3.55,3.8,0.95,+34.55%,505,"3,168",156.25%,18.12,3.675,3.675,0.20281456953642385,no
AG,Call,AG210219C00016500,2021-01-29 3:55PM EST,16.5,3.4,3.3,3.65,1.0,+41.67%,48,259,160.94%,18.12,3.475,3.4,0.18763796909492272,no
AG,Call,AG210219C00017000,2021-01-29 3:35PM EST,17.0,3.3,3.15,3.3,0.97,+41.63%,"4,121","6,823",161.23%,18.12,3.225,3.225,0.1779801324503311,no
AG,Call,AG210219C00017500,2021-01-29 3:55PM EST,17.5,2.94,2.84,3.1,0.82,+38.68%,110,239,160.16%,18.12,2.97,2.94,0.16225165562913907,no
AG,Call,AG210219C00018000,2021-01-29 3:54PM EST,18.0,2.79,2.72,2.9,0.66,+30.99%,959,"2,287",164.06%,18.12,2.81,2.79,0.15397350993377482,no
AG,Call,AG210219C00019000,2021-01-29 3:55PM EST,19.0,2.5,2.2,2.62,0.67,+36.61%,517,688,164.26%,18.12,2.41,2.41,0.13300220750551878,yes
AG,Call,AG210219C00020000,2021-01-29 3:57PM EST,20.0,2.28,2.21,2.28,0.61,+36.53%,"3,666","4,268",175.20%,18.12,2.245,2.245,0.1238962472406181,no
AG,Call,AG210219C00021000,2021-01-29 3:18PM EST,21.0,1.97,1.96,2.18,0.43,+27.92%,144,424,183.11%,18.12,2.0700000000000003,1.97,0.10871964679911697,no
AG,Call,AG210219C00022000,2021-01-29 3:56PM EST,22.0,1.94,1.81,2.13,0.51,+35.66%,691,"2,501",193.36%,18.12,1.97,1.94,0.10706401766004414,no
AG,Call,AG210219C00023000,2021-01-29 3:32PM EST,23.0,1.73,1.47,1.91,0.34,+24.46%,174,82,190.92%,18.12,1.69,1.69,0.0932671081677704,no
AG,Call,AG210219C00024000,2021-01-29 3:53PM EST,24.0,1.6,1.54,1.79,0.25,+18.52%,265,338,202.73%,18.12,1.665,1.6,0.08830022075055187,no
AG,Call,AG210219C00025000,2021-01-29 3:58PM EST,25.0,1.61,1.6,1.65,0.46,+40.00%,"2,413","6,701",212.50%,18.12,1.625,1.61,0.08885209713024282,no
AG,Put,AG210219P00008000,2021-01-19 10:26AM EST,8.0,0.03,0.07,0.75,0.0,-,1,41,284.77%,18.12,0.41,0.03,0.00375,no
AG,Put,AG210219P00009000,2021-01-29 10:10AM EST,9.0,0.11,0.12,0.2,-0.02,-15.38%,6,404,196.09%,18.12,0.16,0.11,0.012222222222222223,no
AG,Put,AG210219P00009500,2021-01-25 3:35PM EST,9.5,0.02,0.16,0.75,0.0,-,1,1,241.41%,18.12,0.455,0.02,0.0021052631578947372,no
AG,Put,AG210219P00010000,2021-01-29 3:35PM EST,10.0,0.17,0.19,0.24,0.05,+41.67%,27,503,183.20%,18.12,0.215,0.17,0.017,no
AG,Put,AG210219P00010500,2021-01-29 2:53PM EST,10.5,0.21,0.23,0.33,0.01,+5.00%,14,233,183.01%,18.12,0.28,0.21,0.02,no
AG,Put,AG210219P00011000,2021-01-29 3:30PM EST,11.0,0.29,0.26,0.33,-0.01,-3.33%,57,"1,172",172.85%,18.12,0.29500000000000004,0.29,0.026363636363636363,no
AG,Put,AG210219P00011500,2021-01-29 3:58PM EST,11.5,0.34,0.34,0.68,0.1,+41.67%,4,186,190.63%,18.12,0.51,0.34,0.02956521739130435,no
AG,Put,AG210219P00012000,2021-01-29 2:18PM EST,12.0,0.41,0.36,0.44,0.04,+10.81%,352,"2,889",163.48%,18.12,0.4,0.4,0.03333333333333333,no
AG,Put,AG210219P00012500,2021-01-29 12:28PM EST,12.5,0.51,0.49,0.53,0.02,+4.08%,52,538,164.45%,18.12,0.51,0.51,0.0408,no
AG,Put,AG210219P00013000,2021-01-29 3:36PM EST,13.0,0.58,0.59,0.7,-0.01,-1.69%,671,"2,537",166.21%,18.12,0.645,0.58,0.04461538461538461,no
AG,Put,AG210219P00013500,2021-01-29 2:53PM EST,13.5,0.75,0.7,0.8,0.01,+1.35%,102,698,163.28%,18.12,0.75,0.75,0.05555555555555555,no
AG,Put,AG210219P00014000,2021-01-29 3:39PM EST,14.0,0.86,0.83,0.9,-0.04,-4.44%,205,"1,581",160.35%,18.12,0.865,0.86,0.06142857142857142,no
AG,Put,AG210219P00014500,2021-01-29 3:16PM EST,14.5,1.0,0.98,1.28,-0.05,-4.76%,22,484,168.55%,18.12,1.13,1.0,0.06896551724137931,no
AG,Put,AG210219P00015000,2021-01-29 3:35PM EST,15.0,1.22,1.15,1.26,-0.13,-9.63%,276,294,160.25%,18.12,1.205,1.205,0.08033333333333334,no
AG,Put,AG210219P00015500,2021-01-29 12:56PM EST,15.5,1.7,1.34,1.57,0.15,+9.68%,5,74,164.06%,18.12,1.455,1.455,0.09387096774193547,no
AG,Put,AG210219P00016000,2021-01-29 3:48PM EST,16.0,1.62,1.56,1.75,-0.34,-17.35%,670,646,162.99%,18.12,1.655,1.62,0.10125,no
AG,Put,AG210219P00016500,2021-01-29 3:42PM EST,16.5,1.92,1.8,1.98,-0.35,-15.42%,234,213,163.28%,18.12,1.89,1.89,0.11454545454545455,no
AG,Put,AG210219P00017000,2021-01-29 3:54PM EST,17.0,2.19,2.05,2.28,-0.11,-4.78%,540,128,165.04%,18.12,2.165,2.165,0.1273529411764706,no
AG,Put,AG210219P00017500,2021-01-29 3:54PM EST,17.5,2.46,2.35,2.94,-0.4,-13.99%,445,23,178.32%,18.12,2.645,2.46,0.14057142857142854,no
AG,Put,AG210219P00018000,2021-01-29 3:47PM EST,18.0,2.74,2.63,2.88,-0.51,-15.69%,718,80,167.97%,18.12,2.755,2.74,0.15222222222222226,yes
AG,Put,AG210219P00019000,2021-01-29 3:57PM EST,19.0,3.4,3.35,3.6,-0.8,-19.05%,32,4,175.20%,18.12,3.475,3.4,0.17894736842105266,no
AG,Put,AG210219P00020000,2021-01-29 3:11PM EST,20.0,4.47,4.1,4.75,-0.38,-7.84%,19,28,192.97%,18.12,4.425,4.425,0.22125,no
MAG,Call,MAG210219C00002500,2020-09-21 2:17PM EST,2.5,14.0,15.0,16.3,0.0,-,3,0,0.00%,19.66,15.65,14.0,0.7121057985757884,no
MAG,Call,MAG210219C00005000,2020-12-07 9:30AM EST,5.0,11.5,16.6,17.9,0.0,-,3,46,941.80%,19.66,17.25,11.5,0.5849440488301119,no
MAG,Call,MAG210219C00007500,2021-01-15 1:02PM EST,7.5,11.38,11.6,14.1,0.0,-,1,17,375.00%,19.66,12.85,11.38,0.5788402848423194,no
MAG,Call,MAG210219C00010000,2021-01-27 12:05PM EST,10.0,7.2,9.5,10.2,0.0,-,2,587,194.53%,19.66,9.85,7.2,0.3662258392675483,no
MAG,Call,MAG210219C00012500,2021-01-29 12:16PM EST,12.5,8.0,7.1,7.5,2.6,+48.15%,15,224,129.30%,19.66,7.3,7.3,0.37131230925737535,no
MAG,Call,MAG210219C00015000,2021-01-29 3:44PM EST,15.0,4.8,4.8,5.0,1.8,+60.00%,106,"1,390",99.22%,19.66,4.9,4.8,0.2441505595116989,no
MAG,Call,MAG210219C00017500,2021-01-29 3:54PM EST,17.5,3.0,2.9,3.3,1.36,+82.93%,148,"1,562",105.27%,19.66,3.1,3.0,0.1525940996948118,no
MAG,Call,MAG210219C00020000,2021-01-29 3:52PM EST,20.0,1.76,1.6,1.9,1.06,+151.43%,543,"2,550",103.71%,19.66,1.75,1.75,0.08901322482197355,yes
MAG,Call,MAG210219C00022500,2021-01-29 3:52PM EST,22.5,1.0,0.85,1.0,0.68,+212.50%,"1,188","2,850",103.91%,19.66,0.925,0.925,0.04704984740590031,no
MAG,Call,MAG210219C00025000,2021-01-29 3:40PM EST,25.0,0.57,0.5,0.6,0.38,+200.00%,"1,117","3,051",110.94%,19.66,0.55,0.55,0.027975584944048837,no
MAG,Call,MAG210219C00030000,2021-01-29 3:56PM EST,30.0,0.2,0.15,0.25,0.15,+300.00%,119,"2,007",120.51%,19.66,0.2,0.2,0.01017293997965412,no
MAG,Call,MAG210219C00035000,2021-01-29 2:27PM EST,35.0,0.05,0.05,0.25,-0.05,-50.00%,3,72,142.97%,19.66,0.15,0.05,0.00254323499491353,no
MAG,Put,MAG210219P00002500,2021-01-22 10:14AM EST,2.5,0.08,0.0,0.95,0.0,-,2,2,709.38%,19.66,0.475,0.08,0.032,no
MAG,Put,MAG210219P00005000,2020-06-25 11:23AM EST,5.0,0.25,0.0,0.35,0.0,-,-,2,361.72%,19.66,0.175,0.175,0.035,no
MAG,Put,MAG210219P00007500,2020-08-25 10:12AM EST,7.5,0.2,0.1,0.25,0.0,-,5,50,260.94%,19.66,0.175,0.175,0.02333333333333333,no
MAG,Put,MAG210219P00010000,2021-01-05 9:30AM EST,10.0,0.11,0.0,0.65,0.0,-,1,56,222.27%,19.66,0.325,0.11,0.011000000000000001,no
MAG,Put,MAG210219P00012500,2021-01-21 1:45PM EST,12.5,0.15,0.1,0.4,0.07,+87.50%,10,205,149.61%,19.66,0.25,0.15,0.012,no
MAG,Put,MAG210219P00015000,2021-01-29 3:12PM EST,15.0,0.3,0.15,0.4,-0.1,-25.00%,23,"2,102",103.52%,19.66,0.275,0.275,0.01833333333333333,no
MAG,Put,MAG210219P00017500,2021-01-29 3:12PM EST,17.5,0.9,0.7,1.0,-0.4,-30.77%,295,"1,169",99.41%,19.66,0.85,0.85,0.04857142857142857,yes
MAG,Put,MAG210219P00020000,2021-01-29 2:30PM EST,20.0,2.0,1.9,2.2,-0.15,-6.98%,27,317,101.47%,19.66,2.05,2.0,0.1,no
MAG,Put,MAG210219P00022500,2021-01-28 10:07AM EST,22.5,4.5,3.4,4.0,0.0,-,30,131,100.00%,19.66,3.7,3.7,0.16444444444444445,no
MAG,Put,MAG210219P00025000,2021-01-25 2:10PM EST,25.0,7.1,5.7,6.1,0.0,-,1,20,111.72%,19.66,5.9,5.9,0.236,no
MAG,Put,MAG210219P00030000,2020-09-21 12:31PM EST,30.0,14.0,11.7,12.6,0.0,-,1,0,244.14%,19.66,12.15,12.15,0.405,no
FSM,Call,FSM210219C00001000,2021-01-05 9:33AM EST,1.0,8.1,6.4,8.3,0.0,-,-,1,"1,131.25%",7.78,7.35,7.35,0.9447300771208228,no
FSM,Call,FSM210219C00002000,2021-01-19 12:11AM EST,2.0,5.73,5.3,6.3,0.0,-,-,1,287.50%,7.78,5.8,5.73,0.7365038560411311,no
FSM,Call,FSM210219C00003000,2021-01-15 1:00PM EST,3.0,4.75,4.5,4.9,0.0,-,1,1,293.75%,7.78,4.7,4.7,0.6041131105398457,no
FSM,Call,FSM210219C00004000,2021-01-29 3:39PM EST,4.0,3.8,3.7,3.9,0.2,+5.56%,12,19,146.88%,7.78,3.8,3.8,0.4884318766066838,no
FSM,Call,FSM210219C00005000,2021-01-28 12:37PM EST,5.0,2.45,2.3,3.0,0.0,-,31,48,187.11%,7.78,2.65,2.45,0.3149100257069409,no
FSM,Call,FSM210219C00006000,2021-01-28 3:43PM EST,6.0,2.25,1.85,1.95,0.43,+23.63%,8,208,103.91%,7.78,1.9,1.9,0.2442159383033419,no
FSM,Call,FSM210219C00007000,2021-01-29 3:33PM EST,7.0,1.2,1.05,1.25,0.05,+4.35%,500,"1,838",100.39%,7.78,1.15,1.15,0.14781491002570693,no
FSM,Call,FSM210219C00008000,2021-01-29 3:33PM EST,8.0,0.7,0.7,0.75,-0.05,-6.67%,"1,590","5,214",113.09%,7.78,0.725,0.7,0.08997429305912595,yes
FSM,Call,FSM210219C00009000,2021-01-29 3:48PM EST,9.0,0.5,0.4,0.5,0.0,-,"1,619","2,225",120.12%,7.78,0.45,0.45,0.05784061696658097,no
FSM,Call,FSM210219C00010000,2021-01-29 3:19PM EST,10.0,0.35,0.35,0.4,0.0,-,661,"4,792",141.41%,7.78,0.375,0.35,0.044987146529562975,no
FSM,Call,FSM210219C00011000,2021-01-29 3:51PM EST,11.0,0.3,0.25,0.35,0.0,-,152,968,154.69%,7.78,0.3,0.3,0.038560411311053984,no
FSM,Call,FSM210219C00012000,2021-01-29 12:31PM EST,12.0,0.2,0.2,0.3,0.03,+17.65%,91,380,166.80%,7.78,0.25,0.2,0.02570694087403599,no
FSM,Call,FSM210219C00013000,2021-01-29 1:28PM EST,13.0,0.15,0.15,0.25,0.0,-,243,264,174.22%,7.78,0.2,0.15,0.019280205655526992,no
FSM,Put,FSM210219P00005000,2021-01-29 12:59PM EST,5.0,0.08,0.0,0.25,-0.02,-20.00%,12,24,156.25%,7.78,0.125,0.08,0.016,no
FSM,Put,FSM210219P00006000,2021-01-29 3:56PM EST,6.0,0.15,0.1,0.25,-0.05,-25.00%,90,433,117.97%,7.78,0.175,0.15,0.025,no
FSM,Put,FSM210219P00007000,2021-01-29 3:47PM EST,7.0,0.4,0.35,0.45,-0.1,-20.00%,248,"4,118",105.27%,7.78,0.4,0.4,0.05714285714285715,yes
FSM,Put,FSM210219P00008000,2021-01-29 10:45AM EST,8.0,1.0,0.9,1.05,-0.1,-9.09%,54,"3,184",117.19%,7.78,0.975,0.975,0.121875,no
FSM,Put,FSM210219P00009000,2021-01-29 10:47AM EST,9.0,1.7,1.6,1.8,-0.15,-8.11%,1,542,124.61%,7.78,1.7000000000000002,1.7,0.18888888888888888,no
FSM,Put,FSM210219P00010000,2021-01-29 10:24AM EST,10.0,2.4,2.45,2.7,0.23,+10.60%,2,22,138.28%,7.78,2.575,2.4,0.24,no
FSM,Put,FSM210219P00011000,2021-01-28 11:15AM EST,11.0,3.38,3.2,3.6,-0.22,-6.11%,10,13,130.47%,7.78,3.4000000000000004,3.38,0.30727272727272725,no
FSM,Put,FSM210219P00012000,2021-01-08 9:38AM EST,12.0,3.35,4.3,4.6,0.0,-,5,10,162.50%,7.78,4.449999999999998,3.35,0.2791666666666667,no
FSM,Put,FSM210219P00013000,2021-01-27 9:37AM EST,13.0,6.3,5.3,5.6,0.0,-,1,1,181.25%,7.78,5.449999999999998,5.449999999999998,0.4192307692307692,no
SILV,Call,SILV210219C00002500,2021-01-27 12:15PM EST,2.5,7.0,6.5,8.6,0.0,-,3,36,791.41%,10.15,7.55,7.0,0.6896551724137929,no
SILV,Call,SILV210219C00005000,2021-01-29 9:30AM EST,5.0,5.0,4.4,6.1,0.1,+2.04%,3,555,203.13%,10.15,5.25,5.0,0.4926108374384237,no
SILV,Call,SILV210219C00007500,2021-01-29 2:17PM EST,7.5,2.88,2.65,2.85,0.54,+23.08%,20,"2,201",101.56%,10.15,2.75,2.75,0.270935960591133,no
SILV,Call,SILV210219C00010000,2021-01-29 3:08PM EST,10.0,1.25,1.05,1.2,0.5,+66.67%,463,"4,107",111.72%,10.15,1.125,1.125,0.11083743842364532,no
SILV,Call,SILV210219C00012500,2021-01-29 3:56PM EST,12.5,0.45,0.4,0.5,0.2,+80.00%,845,"3,033",123.83%,10.15,0.45,0.45,0.04433497536945813,yes
SILV,Call,SILV210219C00015000,2021-01-29 3:55PM EST,15.0,0.2,0.2,0.25,0.1,+100.00%,694,"4,283",139.45%,10.15,0.225,0.2,0.019704433497536943,no
SILV,Call,SILV210219C00017500,2021-01-29 12:43PM EST,17.5,0.15,0.15,0.2,0.05,+50.00%,35,712,163.28%,10.15,0.175,0.15,0.014778325123152709,no
SILV,Call,SILV210219C00020000,2021-01-29 3:44PM EST,20.0,0.1,0.1,0.15,0.01,+11.11%,549,658,177.34%,10.15,0.125,0.1,0.009852216748768471,no
SILV,Put,SILV210219P00002500,2021-01-05 3:47PM EST,2.5,0.05,0.0,0.55,0.0,-,-,2,489.06%,10.15,0.275,0.05,0.02,no
SILV,Put,SILV210219P00005000,2020-12-29 9:35AM EST,5.0,0.28,0.0,0.95,0.0,-,2,104,320.70%,10.15,0.475,0.28,0.056000000000000015,no
SILV,Put,SILV210219P00007500,2021-01-29 9:30AM EST,7.5,0.15,0.1,0.2,0.0,-,36,"1,448",114.45%,10.15,0.15000000000000002,0.15,0.02,no
SILV,Put,SILV210219P00010000,2021-01-29 2:40PM EST,10.0,0.95,0.8,1.0,-0.25,-20.83%,34,"2,934",103.71%,10.15,0.9,0.9,0.09,yes
SILV,Put,SILV210219P00012500,2021-01-29 9:30AM EST,12.5,2.45,2.4,3.2,-1.05,-30.00%,16,189,123.83%,10.15,2.8,2.45,0.196,no
SILV,Put,SILV210219P00015000,2021-01-29 10:50AM EST,15.0,4.71,4.7,5.3,1.61,+51.94%,2,41,124.61%,10.15,5.0,4.71,0.314,no
SVM,Call,SVM210219C00002500,2021-01-28 1:24PM EST,2.5,3.5,3.8,4.1,0.0,-,8,21,320.31%,6.46,3.95,3.5,0.541795665634675,no
SVM,Call,SVM210219C00005000,2021-01-29 3:34PM EST,5.0,1.65,1.45,1.65,0.58,+54.21%,75,351,99.22%,6.46,1.5499999999999998,1.5499999999999998,0.23993808049535603,no
SVM,Call,SVM210219C00007500,2021-01-29 3:54PM EST,7.5,0.3,0.3,0.35,0.14,+87.50%,"1,628","2,108",112.50%,6.46,0.325,0.3,0.04643962848297214,yes
SVM,Call,SVM210219C00010000,2021-01-29 2:49PM EST,10.0,0.14,0.1,0.2,-0.16,-53.33%,"2,052",173,151.95%,6.46,0.15000000000000002,0.14,0.021671826625387004,no
SVM,Put,SVM210219P00002500,2021-01-11 9:36AM EST,2.5,0.05,0.0,0.05,0.0,-,1,2,218.75%,6.46,0.025,0.025,0.01,no
SVM,Put,SVM210219P00005000,2021-01-29 1:12PM EST,5.0,0.07,0.05,0.1,-0.03,-30.00%,15,146,93.75%,6.46,0.07500000000000001,0.07,0.014000000000000002,yes
SVM,Put,SVM210219P00007500,2021-01-29 1:12PM EST,7.5,1.27,1.3,1.45,-0.33,-20.63%,6,88,114.45%,6.46,1.375,1.27,0.16933333333333336,no
SVM,Put,SVM210219P00010000,2021-01-19 11:44AM EST,10.0,4.2,3.5,4.1,0.0,-,-,1,180.08%,6.46,3.8,3.8,0.38,no
TGB,Call,TGB210219C00001000,2021-01-29 3:52PM EST,1.0,0.2,0.2,0.3,-0.1,-33.33%,352,"6,971",131.25%,1.19,0.25,0.2,0.16806722689075632,no
TGB,Call,TGB210219C00002000,2021-01-29 11:38AM EST,2.0,0.05,0.0,0.05,0.02,+66.67%,6,"4,746",165.63%,1.19,0.025,0.025,0.02100840336134454,yes
TGB,Call,TGB210219C00003000,2021-01-19 1:18PM EST,3.0,0.01,0.0,0.05,0.0,-,13,"1,350",246.88%,1.19,0.025,0.01,0.008403361344537815,no
TGB,Call,TGB210219C00004000,2021-01-19 12:52PM EST,4.0,0.05,0.0,0.05,0.0,-,15,541,300.00%,1.19,0.025,0.025,0.02100840336134454,no
TGB,Put,TGB210219P00001000,2021-01-29 3:27PM EST,1.0,0.05,0.0,0.1,0.0,-,1,"1,156",120.31%,1.19,0.05,0.05,0.05,yes
TGB,Put,TGB210219P00002000,2021-01-28 2:53PM EST,2.0,1.0,0.75,1.0,0.0,-,1,86,221.88%,1.19,0.875,0.875,0.4375,no
TGB,Put,TGB210219P00003000,2021-01-28 10:36AM EST,3.0,1.65,1.65,2.25,0.0,-,1,10,398.44%,1.19,1.95,1.65,0.5499999999999999,no
TGB,Put,TGB210219P00004000,2021-01-28 12:35PM EST,4.0,2.75,2.05,3.8,0.0,-,2,2,434.38%,1.19,2.925,2.75,0.6875,no
EXK,Call,EXK210219C00002500,2021-01-29 3:39PM EST,2.5,2.45,2.4,2.5,0.2,+8.89%,218,"2,046",50.00%,4.95,2.45,2.45,0.494949494949495,no
EXK,Call,EXK210219C00005000,2021-01-29 3:59PM EST,5.0,0.65,0.6,0.65,0.08,+14.04%,"2,814","10,756",140.63%,4.95,0.625,0.625,0.12626262626262627,yes
EXK,Call,EXK210219C00007500,2021-01-29 3:54PM EST,7.5,0.17,0.15,0.2,0.02,+13.33%,"2,054","8,573",167.19%,4.95,0.175,0.17,0.034343434343434336,no
EXK,Put,EXK210219P00002500,2021-01-27 3:58PM EST,2.5,0.02,0.0,0.05,0.0,-,11,664,171.88%,4.95,0.025,0.02,0.008,yes
EXK,Put,EXK210219P00005000,2021-01-29 2:59PM EST,5.0,0.7,0.7,0.8,0.0,-,86,"1,140",157.03%,4.95,0.75,0.7,0.14,no
EXK,Put,EXK210219P00007500,2021-01-29 9:35AM EST,7.5,2.51,2.6,2.8,-0.69,-21.56%,1,173,159.38%,4.95,2.7,2.51,0.3346666666666666,no
SCCO,Call,SCCO210219C00035000,2021-01-05 12:45PM EST,35.0,31.7,29.0,34.0,0.0,-,1,0,129.30%,66.41,31.5,31.5,0.4743261556994429,no
SCCO,Call,SCCO210219C00050000,2021-01-15 3:07PM EST,50.0,19.0,15.1,19.5,0.0,-,1,4,105.86%,66.41,17.3,17.3,0.2605029363047734,no
SCCO,Call,SCCO210219C00055000,2021-01-20 9:39AM EST,55.0,17.27,9.8,14.2,0.0,-,20,44,69.19%,66.41,12.0,12.0,0.18069567836169254,no
SCCO,Call,SCCO210219C00060000,2021-01-28 1:02PM EST,60.0,9.45,6.8,7.6,-0.15,-1.56%,11,"1,257",50.05%,66.41,7.199999999999998,7.199999999999998,0.10841740701701552,no
SCCO,Call,SCCO210219C00065000,2021-01-29 3:12PM EST,65.0,3.97,3.1,4.1,-1.23,-23.65%,27,928,54.59%,66.41,3.6,3.6,0.05420870350850776,no
SCCO,Call,SCCO210219C00070000,2021-01-29 3:23PM EST,70.0,1.7,1.4,1.65,-1.0,-37.04%,38,393,49.05%,66.41,1.525,1.525,0.02296340912513176,yes
SCCO,Call,SCCO210219C00075000,2021-01-29 3:10PM EST,75.0,0.55,0.45,0.6,-0.35,-38.89%,52,764,49.02%,66.41,0.525,0.525,0.007905435928324048,no
SCCO,Call,SCCO210219C00080000,2021-01-28 3:05PM EST,80.0,0.2,0.1,0.25,-0.11,-35.48%,14,83,52.34%,66.41,0.175,0.175,0.002635145309441349,no
SCCO,Call,SCCO210219C00085000,2021-01-25 11:24AM EST,85.0,0.15,0.0,0.35,0.0,-,4,88,60.55%,66.41,0.175,0.15,0.002258695979521157,no
SCCO,Call,SCCO210219C00090000,2020-12-08 11:48AM EST,90.0,0.05,0.05,0.45,0.0,-,4,4,76.27%,66.41,0.25,0.05,0.0007528986598403857,no
SCCO,Put,SCCO210219P00040000,2021-01-19 9:30AM EST,40.0,0.05,0.0,0.95,0.0,-,2,2,142.38%,66.41,0.475,0.05,0.00125,no
SCCO,Put,SCCO210219P00045000,2021-01-26 1:07PM EST,45.0,0.05,0.0,0.75,0.0,-,20,40,108.40%,66.41,0.375,0.05,0.0011111111111111113,no
SCCO,Put,SCCO210219P00050000,2021-01-28 2:48PM EST,50.0,0.05,0.0,0.75,0.0,-,3,534,83.98%,66.41,0.375,0.05,0.001,no
SCCO,Put,SCCO210219P00055000,2021-01-29 1:31PM EST,55.0,0.4,0.35,0.6,-0.07,-14.89%,1,83,64.99%,66.41,0.475,0.4,0.007272727272727274,no
SCCO,Put,SCCO210219P00060000,2021-01-29 3:29PM EST,60.0,1.13,1.05,1.2,0.43,+61.43%,10,171,57.96%,66.41,1.125,1.125,0.01875,no
SCCO,Put,SCCO210219P00065000,2021-01-29 12:49PM EST,65.0,2.4,2.5,2.95,0.85,+54.84%,56,792,55.18%,66.41,2.725,2.4,0.03692307692307692,yes
SCCO,Put,SCCO210219P00070000,2021-01-28 1:53PM EST,70.0,3.8,5.5,5.8,0.0,-,1,43,56.13%,66.41,5.65,3.8,0.054285714285714284,no
SCCO,Put,SCCO210219P00075000,2021-01-25 9:39AM EST,75.0,5.73,8.8,10.5,0.0,-,1,164,60.06%,66.41,9.65,5.73,0.07640000000000001,no
SCCO,Put,SCCO210219P00080000,2021-01-27 10:26AM EST,80.0,12.6,12.5,16.1,0.0,-,1,21,68.56%,66.41,14.3,12.6,0.1575,no
SCCO,Put,SCCO210219P00090000,2021-01-21 3:47PM EST,90.0,19.8,21.5,26.4,0.0,-,30,30,82.13%,66.41,23.95,19.8,0.22,no
FCX,Call,FCX210219C00003000,2020-12-01 10:19AM EST,3.0,20.8,22.9,23.2,0.0,-,2,2,0.00%,26.91,23.05,20.8,0.7729468599033816,no
FCX,Call,FCX210219C00005000,2020-09-24 2:21PM EST,5.0,10.31,13.2,13.6,0.0,-,5,14,0.00%,26.91,13.4,10.31,0.3831289483463397,no
FCX,Call,FCX210219C00006000,2021-01-15 2:52PM EST,6.0,24.55,20.6,21.35,0.0,-,1,2,312.50%,26.91,20.975,20.975,0.7794500185804534,no
FCX,Call,FCX210219C00007000,2020-12-23 11:36AM EST,7.0,18.13,23.1,23.25,0.0,-,1,0,876.56%,26.91,23.175,18.13,0.6737272389446302,no
FCX,Call,FCX210219C00008000,2021-01-04 1:13PM EST,8.0,19.0,18.45,19.5,0.0,-,1,4,254.69%,26.91,18.975,18.975,0.7051282051282052,no
FCX,Call,FCX210219C00009000,2020-12-30 9:40AM EST,9.0,16.6,17.05,20.45,0.0,-,1,23,404.69%,26.91,18.75,16.6,0.6168710516536604,no
FCX,Call,FCX210219C00010000,2021-01-26 11:08AM EST,10.0,17.31,16.45,17.45,0.0,-,10,123,195.31%,26.91,16.95,16.95,0.6298773690078038,no
FCX,Call,FCX210219C00011000,2021-01-26 11:19AM EST,11.0,16.3,15.55,16.4,0.0,-,6,314,191.41%,26.91,15.975,15.975,0.5936454849498327,no
FCX,Call,FCX210219C00012000,2021-01-27 2:18PM EST,12.0,14.83,12.55,17.15,0.57,+4.00%,2,473,451.17%,26.91,14.85,14.83,0.5510962467484206,no
FCX,Call,FCX210219C00013000,2021-01-27 2:50PM EST,13.0,12.95,13.7,14.5,0.0,-,4,757,193.36%,26.91,14.1,12.95,0.4812337421033073,no
FCX,Call,FCX210219C00014000,2021-01-27 10:29AM EST,14.0,12.08,12.7,13.2,0.0,-,8,518,133.59%,26.91,12.95,12.08,0.4489037532515793,no
FCX,Call,FCX210219C00015000,2021-01-29 3:06PM EST,15.0,11.82,11.5,12.85,-1.18,-9.08%,2,"1,365",172.66%,26.91,12.175,11.82,0.4392419175027871,no
FCX,Call,FCX210219C00016000,2021-01-26 3:58PM EST,16.0,11.05,10.75,11.2,0.0,-,52,"2,263",117.97%,26.91,10.975,10.975,0.40784095131921216,no
FCX,Call,FCX210219C00017000,2021-01-29 12:10PM EST,17.0,10.19,9.85,10.1,-0.26,-2.49%,2,"4,678",105.47%,26.91,9.975,9.975,0.3706800445930881,no
FCX,Call,FCX210219C00018000,2021-01-28 2:47PM EST,18.0,9.8,8.8,9.25,0.0,-,21,"2,690",105.08%,26.91,9.025,9.025,0.3353771832032701,no
FCX,Call,FCX210219C00019000,2021-01-28 11:06AM EST,19.0,8.7,7.9,8.2,0.0,-,2,"1,138",97.27%,26.91,8.05,8.05,0.2991452991452992,no
FCX,Call,FCX210219C00020000,2021-01-29 3:26PM EST,20.0,7.05,6.85,7.3,-0.87,-10.98%,8,"8,863",88.67%,26.91,7.074999999999998,7.05,0.26198439241917504,no
FCX,Call,FCX210219C00021000,2021-01-29 2:08PM EST,21.0,6.25,5.95,6.4,-0.7,-10.07%,9,"9,316",87.30%,26.91,6.175000000000002,6.175000000000002,0.22946859903381644,no
FCX,Call,FCX210219C00022000,2021-01-29 3:53PM EST,22.0,5.3,5.05,5.25,-0.68,-11.37%,42,"12,735",72.66%,26.91,5.15,5.15,0.19137866963953926,no
FCX,Call,FCX210219C00023000,2021-01-29 3:39PM EST,23.0,4.35,4.2,4.4,-0.75,-14.71%,20,"4,171",71.58%,26.91,4.300000000000002,4.300000000000002,0.15979189892233372,no
FCX,Call,FCX210219C00024000,2021-01-29 3:10PM EST,24.0,3.46,3.4,3.5,-0.79,-18.59%,91,"11,759",66.99%,26.91,3.45,3.45,0.12820512820512822,no
FCX,Call,FCX210219C00025000,2021-01-29 3:34PM EST,25.0,2.8,2.69,2.85,-0.56,-16.67%,219,"10,280",67.77%,26.91,2.77,2.77,0.1029357116313638,no
FCX,Call,FCX210219C00025500,2021-01-29 12:48PM EST,25.5,2.41,2.35,2.49,-0.66,-21.50%,89,190,66.21%,26.91,2.42,2.41,0.08955778520995912,no
FCX,Call,FCX210219C00026000,2021-01-29 3:54PM EST,26.0,2.07,2.07,2.11,-0.6,-22.47%,"2,746","17,520",64.55%,26.91,2.09,2.07,0.07692307692307691,no
FCX,Call,FCX210219C00026500,2021-01-29 3:33PM EST,26.5,1.86,1.76,1.84,-0.52,-21.85%,133,645,63.67%,26.91,1.8,1.8,0.06688963210702341,no
FCX,Call,FCX210219C00027000,2021-01-29 3:53PM EST,27.0,1.61,1.5,1.62,-0.46,-22.22%,745,"14,687",63.77%,26.91,1.56,1.56,0.05797101449275361,yes
FCX,Call,FCX210219C00027500,2021-01-29 3:40PM EST,27.5,1.36,1.28,1.4,-0.43,-24.02%,305,744,63.77%,26.91,1.34,1.34,0.04979561501300631,no
FCX,Call,FCX210219C00028000,2021-01-29 3:42PM EST,28.0,1.14,1.07,1.16,-0.41,-26.45%,"1,463","6,031",62.50%,26.91,1.115,1.115,0.041434410999628385,no
FCX,Call,FCX210219C00028500,2021-01-29 3:49PM EST,28.5,0.95,0.91,1.0,-0.35,-26.92%,125,450,62.99%,26.91,0.955,0.95,0.03530286138981791,no
FCX,Call,FCX210219C00029000,2021-01-29 3:55PM EST,29.0,0.83,0.76,0.82,-0.33,-28.45%,933,"17,419",62.35%,26.91,0.79,0.79,0.029357116313638056,no
FCX,Call,FCX210219C00029500,2021-01-29 2:32PM EST,29.5,0.66,0.64,0.69,-0.3,-31.25%,129,207,62.60%,26.91,0.665,0.66,0.02452619843924192,no
FCX,Call,FCX210219C00030000,2021-01-29 3:58PM EST,30.0,0.56,0.55,0.56,-0.28,-33.33%,"1,618","13,759",62.70%,26.91,0.555,0.555,0.020624303232998888,no
FCX,Call,FCX210219C00030500,2021-01-29 3:56PM EST,30.5,0.5,0.44,0.46,-0.22,-30.56%,50,589,62.21%,26.91,0.45,0.45,0.016722408026755852,no
FCX,Call,FCX210219C00031000,2021-01-29 3:57PM EST,31.0,0.4,0.36,0.4,-0.2,-33.33%,300,"4,406",62.89%,26.91,0.38,0.38,0.014121144555927162,no
FCX,Call,FCX210219C00031500,2021-01-29 3:18PM EST,31.5,0.34,0.29,0.34,-0.14,-29.17%,153,598,63.09%,26.91,0.315,0.315,0.011705685618729098,no
FCX,Call,FCX210219C00032000,2021-01-29 3:56PM EST,32.0,0.29,0.26,0.28,-0.17,-36.96%,483,"7,920",64.06%,26.91,0.27,0.27,0.010033444816053512,no
FCX,Call,FCX210219C00032500,2021-01-29 10:08AM EST,32.5,0.25,0.21,0.24,-0.13,-34.21%,4,487,64.45%,26.91,0.225,0.225,0.008361204013377926,no
FCX,Call,FCX210219C00033000,2021-01-29 2:27PM EST,33.0,0.19,0.2,0.21,-0.16,-45.71%,157,"12,154",66.41%,26.91,0.205,0.19,0.007060572277963581,no
FCX,Call,FCX210219C00033500,2021-01-28 3:46PM EST,33.5,0.22,0.13,0.18,-0.07,-24.14%,2,182,65.23%,26.91,0.155,0.155,0.005759940542549238,no
FCX,Call,FCX210219C00034000,2021-01-29 12:35PM EST,34.0,0.15,0.13,0.16,-0.11,-42.31%,124,"3,872",67.38%,26.91,0.14500000000000002,0.14500000000000002,0.005388331475287998,no
FCX,Call,FCX210219C00034500,2021-01-29 11:55AM EST,34.5,0.15,0.11,0.14,-0.03,-16.67%,110,257,68.16%,26.91,0.125,0.125,0.004645113340765515,no
FCX,Call,FCX210219C00035000,2021-01-29 3:40PM EST,35.0,0.12,0.1,0.12,-0.09,-42.86%,136,"9,214",69.34%,26.91,0.11,0.11,0.004087699739873653,no
FCX,Call,FCX210219C00035500,2021-01-27 9:52AM EST,35.5,0.07,0.08,0.11,0.0,-,27,77,70.12%,26.91,0.095,0.07,0.0026012634708286885,no
FCX,Call,FCX210219C00036000,2021-01-29 2:11PM EST,36.0,0.1,0.06,0.1,-0.08,-44.44%,519,"2,252",70.31%,26.91,0.08,0.08,0.002972872538089929,no
FCX,Call,FCX210219C00037000,2021-01-29 2:31PM EST,37.0,0.09,0.04,0.08,-0.05,-35.71%,4,598,71.88%,26.91,0.06,0.06,0.002229654403567447,no
FCX,Call,FCX210219C00038000,2021-01-29 3:27PM EST,38.0,0.06,0.05,0.07,-0.07,-53.85%,36,506,76.56%,26.91,0.06000000000000001,0.06,0.002229654403567447,no
FCX,Call,FCX210219C00039000,2021-01-27 9:45AM EST,39.0,0.11,0.0,0.06,0.0,-,1,94,73.44%,26.91,0.03,0.03,0.0011148272017837237,no
FCX,Call,FCX210219C00040000,2021-01-29 1:06PM EST,40.0,0.07,0.0,0.09,-0.04,-36.36%,6,417,82.03%,26.91,0.045,0.045,0.0016722408026755853,no
FCX,Call,FCX210219C00041000,2021-01-28 12:57PM EST,41.0,0.1,0.0,0.06,0.0,-,11,65,81.25%,26.91,0.03,0.03,0.0011148272017837237,no
FCX,Call,FCX210219C00042000,2021-01-26 1:27PM EST,42.0,0.11,0.0,0.05,0.0,-,12,50,82.81%,26.91,0.025,0.025,0.0009290226681531029,no
FCX,Call,FCX210219C00043000,2021-01-26 2:48PM EST,43.0,0.04,0.0,0.08,0.0,-,10,30,92.58%,26.91,0.04,0.04,0.0014864362690449647,no
FCX,Call,FCX210219C00044000,2021-01-28 11:03AM EST,44.0,0.07,0.02,0.05,0.0,-,7,422,94.53%,26.91,0.035,0.035,0.0013006317354143442,no
FCX,Call,FCX210219C00045000,2021-01-29 2:01PM EST,45.0,0.04,0.0,0.08,-0.03,-42.86%,3,143,100.00%,26.91,0.04,0.04,0.0014864362690449647,no
FCX,Put,FCX210219P00004000,2020-08-06 2:43PM EST,4.0,0.07,0.0,0.21,0.0,-,5,10,429.69%,26.91,0.105,0.07,0.0175,no
FCX,Put,FCX210219P00005000,2021-01-27 12:35PM EST,5.0,0.01,0.0,0.01,0.0,-,4,6,256.25%,26.91,0.005,0.005,0.001,no
FCX,Put,FCX210219P00006000,2020-10-28 9:32AM EST,6.0,0.06,0.0,0.07,0.0,-,1,72,285.94%,26.91,0.035,0.035,0.0058333333333333345,no
FCX,Put,FCX210219P00007000,2020-11-24 9:30AM EST,7.0,0.04,0.0,0.04,0.0,-,10,50,240.63%,26.91,0.02,0.02,0.002857142857142857,no
FCX,Put,FCX210219P00008000,2020-11-06 3:03PM EST,8.0,0.01,0.01,0.03,0.0,-,10,109,215.63%,26.91,0.02,0.01,0.00125,no
FCX,Put,FCX210219P00009000,2021-01-04 10:12AM EST,9.0,0.02,0.0,0.07,0.0,-,30,57,210.94%,26.91,0.035,0.02,0.0022222222222222227,no
FCX,Put,FCX210219P00010000,2020-12-30 3:12PM EST,10.0,0.01,0.0,0.07,0.0,-,1,143,192.19%,26.91,0.035,0.01,0.001,no
FCX,Put,FCX210219P00011000,2020-12-15 12:00PM EST,11.0,0.03,0.0,0.03,0.0,-,20,"1,159",156.25%,26.91,0.015,0.015,0.0013636363636363635,no
FCX,Put,FCX210219P00012000,2021-01-27 3:48PM EST,12.0,0.02,0.0,0.03,0.0,-,17,"9,900",142.19%,26.91,0.015,0.015,0.00125,no
FCX,Put,FCX210219P00013000,2021-01-04 10:03AM EST,13.0,0.02,0.0,0.03,0.0,-,6,"2,658",129.69%,26.91,0.015,0.015,0.0011538461538461535,no
FCX,Put,FCX210219P00014000,2021-01-27 9:43AM EST,14.0,0.01,0.0,0.01,0.0,-,7,"7,080",103.13%,26.91,0.005,0.005,0.0003571428571428572,no
FCX,Put,FCX210219P00015000,2021-01-25 10:40AM EST,15.0,0.01,0.0,0.03,0.0,-,20,"3,278",106.25%,26.91,0.015,0.01,0.0006666666666666666,no
FCX,Put,FCX210219P00016000,2021-01-28 2:36PM EST,16.0,0.02,0.0,0.03,0.0,-,600,"2,793",95.31%,26.91,0.015,0.015,0.0009375,no
FCX,Put,FCX210219P00017000,2021-01-29 12:36PM EST,17.0,0.05,0.02,0.04,0.02,+66.67%,"3,317","5,264",93.75%,26.91,0.03,0.03,0.001764705882352941,no
FCX,Put,FCX210219P00018000,2021-01-29 2:37PM EST,18.0,0.03,0.03,0.05,-0.02,-40.00%,"1,320","2,685",86.72%,26.91,0.04,0.03,0.0016666666666666663,no
FCX,Put,FCX210219P00019000,2021-01-29 2:49PM EST,19.0,0.07,0.02,0.2,-0.01,-12.50%,134,976,92.19%,26.91,0.11,0.07,0.00368421052631579,no
FCX,Put,FCX210219P00020000,2021-01-29 3:43PM EST,20.0,0.09,0.06,0.14,-0.1,-52.63%,25,"1,470",79.30%,26.91,0.1,0.09,0.0045,no
FCX,Put,FCX210219P00021000,2021-01-29 3:31PM EST,21.0,0.14,0.12,0.15,0.02,+16.67%,132,"2,290",73.44%,26.91,0.135,0.135,0.006428571428571429,no
FCX,Put,FCX210219P00022000,2021-01-29 3:10PM EST,22.0,0.26,0.2,0.23,-0.11,-29.73%,115,"1,833",70.51%,26.91,0.215,0.215,0.009772727272727271,no
FCX,Put,FCX210219P00023000,2021-01-29 3:01PM EST,23.0,0.36,0.32,0.36,0.11,+44.00%,77,"1,922",68.16%,26.91,0.34,0.34,0.014782608695652172,no
FCX,Put,FCX210219P00024000,2021-01-29 3:53PM EST,24.0,0.52,0.51,0.56,0.14,+36.84%,"1,146","8,606",66.70%,26.91,0.535,0.52,0.021666666666666667,no
FCX,Put,FCX210219P00025000,2021-01-29 3:54PM EST,25.0,0.8,0.79,0.83,0.26,+48.15%,949,"5,594",65.53%,26.91,0.81,0.8,0.032,no
FCX,Put,FCX210219P00025500,2021-01-29 3:54PM EST,25.5,0.93,0.94,1.0,0.16,+20.78%,364,872,64.45%,26.91,0.97,0.93,0.036470588235294116,no
FCX,Put,FCX210219P00026000,2021-01-29 3:31PM EST,26.0,1.15,1.13,1.19,0.29,+33.72%,645,"3,326",63.77%,26.91,1.16,1.15,0.044230769230769226,no
FCX,Put,FCX210219P00026500,2021-01-29 3:21PM EST,26.5,1.31,1.36,1.41,0.28,+27.18%,220,615,63.48%,26.91,1.385,1.31,0.049433962264150935,yes
FCX,Put,FCX210219P00027000,2021-01-29 3:24PM EST,27.0,1.56,1.59,1.66,0.35,+28.93%,659,"10,590",62.79%,26.91,1.625,1.56,0.057777777777777775,no
FCX,Put,FCX210219P00027500,2021-01-29 2:24PM EST,27.5,1.97,1.86,1.93,0.51,+34.93%,109,886,62.35%,26.91,1.895,1.895,0.0689090909090909,no
FCX,Put,FCX210219P00028000,2021-01-29 3:51PM EST,28.0,2.16,2.16,2.24,0.43,+24.86%,232,"11,365",62.31%,26.91,2.2,2.16,0.07714285714285715,no
FCX,Put,FCX210219P00028500,2021-01-29 2:31PM EST,28.5,2.52,2.48,2.55,0.55,+27.92%,11,285,61.72%,26.91,2.515,2.515,0.08824561403508771,no
FCX,Put,FCX210219P00029000,2021-01-29 3:57PM EST,29.0,2.77,2.83,2.9,0.49,+21.49%,68,"1,686",61.72%,26.91,2.865,2.77,0.09551724137931036,no
FCX,Put,FCX210219P00029500,2021-01-29 1:01PM EST,29.5,3.45,3.2,3.3,0.8,+30.19%,6,227,62.40%,26.91,3.25,3.25,0.11016949152542373,no
FCX,Put,FCX210219P00030000,2021-01-29 3:10PM EST,30.0,3.71,3.5,3.7,0.7,+23.26%,106,"9,923",60.45%,26.91,3.6,3.6,0.12,no
FCX,Put,FCX210219P00030500,2021-01-29 3:33PM EST,30.5,3.94,3.95,4.1,0.57,+16.91%,304,166,61.43%,26.91,4.025,3.94,0.12918032786885245,no
FCX,Put,FCX210219P00031000,2021-01-29 3:26PM EST,31.0,4.42,4.35,4.8,0.75,+20.44%,78,"2,232",68.85%,26.91,4.574999999999998,4.42,0.14258064516129032,no
FCX,Put,FCX210219P00031500,2021-01-28 12:57PM EST,31.5,4.45,4.8,5.0,0.0,-,8,395,62.79%,26.91,4.9,4.45,0.14126984126984127,no
FCX,Put,FCX210219P00032000,2021-01-28 3:27PM EST,32.0,4.79,5.25,5.4,0.27,+5.97%,2,719,61.52%,26.91,5.325,4.79,0.1496875,no
FCX,Put,FCX210219P00032500,2021-01-26 11:49AM EST,32.5,5.75,5.55,6.15,0.0,-,18,136,67.19%,26.91,5.85,5.75,0.17692307692307693,no
FCX,Put,FCX210219P00033000,2021-01-27 1:11PM EST,33.0,6.1,6.1,6.65,-1.05,-14.69%,2,83,72.75%,26.91,6.375,6.1,0.18484848484848485,no
FCX,Put,FCX210219P00033500,2021-01-28 11:33AM EST,33.5,6.3,6.6,6.85,0.0,-,8,12,63.09%,26.91,6.725,6.3,0.1880597014925373,no
FCX,Put,FCX210219P00034000,2021-01-28 2:54PM EST,34.0,6.37,7.15,7.35,0.0,-,2,29,68.95%,26.91,7.25,6.37,0.18735294117647056,no
FCX,Put,FCX210219P00034500,2021-01-25 2:46PM EST,34.5,6.15,7.55,7.9,0.0,-,2,126,69.34%,26.91,7.725,6.15,0.1782608695652174,no
FCX,Put,FCX210219P00035000,2021-01-27 9:55AM EST,35.0,10.01,8.1,8.25,0.0,-,2,69,65.82%,26.91,8.175,8.175,0.2335714285714286,no
FCX,Put,FCX210219P00035500,2021-01-26 10:52AM EST,35.5,8.1,8.4,8.8,0.0,-,2,4,50.00%,26.91,8.600000000000001,8.1,0.22816901408450704,no
FCX,Put,FCX210219P00036000,2021-01-26 1:34PM EST,36.0,8.75,8.9,9.6,0.0,-,2,245,81.05%,26.91,9.25,8.75,0.24305555555555555,no
FCX,Put,FCX210219P00037000,2021-01-22 2:01PM EST,37.0,6.9,10.0,10.2,0.0,-,1,6,56.25%,26.91,10.1,6.9,0.1864864864864865,no
FCX,Put,FCX210219P00038000,2021-01-19 12:03AM EST,38.0,7.9,11.05,11.35,0.0,-,-,9,85.55%,26.91,11.2,7.9,0.20789473684210527,no
FCX,Put,FCX210219P00040000,2021-01-19 12:03AM EST,40.0,9.6,12.75,13.65,0.0,-,-,10,95.31%,26.91,13.2,9.6,0.24,no
FCX,Put,FCX210219P00041000,2021-01-15 1:08PM EST,41.0,10.45,13.85,14.35,0.0,-,9,17,71.88%,26.91,14.1,10.45,0.2548780487804878,no
FCX,Put,FCX210219P00042000,2021-01-11 11:19AM EST,42.0,12.3,14.75,15.4,0.0,-,-,2,128.71%,26.91,15.075,12.3,0.2928571428571429,no
FCX,Put,FCX210219P00043000,2021-01-12 10:32AM EST,43.0,12.8,15.95,16.25,0.0,-,6,12,78.13%,26.91,16.1,12.8,0.2976744186046512,no
FCX,Put,FCX210219P00044000,2021-01-28 3:24PM EST,44.0,17.0,16.85,17.4,0.9,+5.59%,5,18,94.53%,26.91,17.125,17.0,0.3863636363636364,no
FCX,Put,FCX210219P00045000,2021-01-19 2:34PM EST,45.0,13.65,17.9,18.45,0.0,-,23,44,112.11%,26.91,18.175,13.65,0.3033333333333333,no
TRQ,Call,TRQ210219C00006000,2021-01-13 9:45AM EST,6.0,5.9,4.2,6.2,0.0,-,1,1,208.59%,11.0,5.2,5.2,0.4727272727272727,no
TRQ,Call,TRQ210219C00008000,2021-01-27 10:44AM EST,8.0,2.8,2.6,3.6,0.0,-,300,112,103.52%,11.0,3.1,2.8,0.2545454545454545,no
TRQ,Call,TRQ210219C00009000,2021-01-28 9:54AM EST,9.0,2.1,2.1,2.8,0.0,-,1,100,128.52%,11.0,2.45,2.1,0.19090909090909086,no
TRQ,Call,TRQ210219C00010000,2021-01-28 3:41PM EST,10.0,1.47,1.35,1.55,0.0,-,4,534,87.89%,11.0,1.4500000000000002,1.4500000000000002,0.13181818181818186,no
TRQ,Call,TRQ210219C00011000,2021-01-29 10:00AM EST,11.0,0.85,0.85,1.0,0.1,+13.33%,58,204,90.23%,11.0,0.925,0.85,0.07727272727272727,no
TRQ,Call,TRQ210219C00012000,2021-01-29 3:49PM EST,12.0,0.6,0.5,0.6,0.1,+20.00%,"1,302",432,90.43%,11.0,0.55,0.55,0.05,yes
TRQ,Call,TRQ210219C00013000,2021-01-29 2:34PM EST,13.0,0.32,0.2,0.35,0.12,+60.00%,11,140,86.13%,11.0,0.275,0.275,0.025,no
TRQ,Call,TRQ210219C00014000,2021-01-27 3:01PM EST,14.0,0.15,0.15,0.25,0.0,-,6,186,95.90%,11.0,0.2,0.15,0.013636363636363636,no
TRQ,Call,TRQ210219C00015000,2021-01-28 3:59PM EST,15.0,0.11,0.05,0.15,0.0,-,2,105,93.75%,11.0,0.1,0.1,0.009090909090909092,no
TRQ,Call,TRQ210219C00016000,2021-01-20 3:02PM EST,16.0,0.1,0.0,0.1,0.0,-,1,9,92.97%,11.0,0.05,0.05,0.004545454545454546,no
TRQ,Call,TRQ210219C00017000,2021-01-25 10:36AM EST,17.0,0.25,0.0,0.5,0.0,-,10,29,150.78%,11.0,0.25,0.25,0.022727272727272728,no
TRQ,Call,TRQ210219C00018000,2021-01-14 2:22PM EST,18.0,0.1,0.0,0.75,0.0,-,1,7,183.98%,11.0,0.375,0.1,0.009090909090909092,no
TRQ,Call,TRQ210219C00019000,2021-01-19 11:01AM EST,19.0,0.05,0.0,0.75,0.0,-,1,3,196.48%,11.0,0.375,0.05,0.004545454545454546,no
TRQ,Call,TRQ210219C00020000,2021-01-08 9:51AM EST,20.0,0.2,0.0,0.75,0.0,-,20,20,208.01%,11.0,0.375,0.2,0.018181818181818184,no
TRQ,Put,TRQ210219P00008000,2021-01-11 11:11AM EST,8.0,0.14,0.0,0.5,0.0,-,-,1,136.72%,11.0,0.25,0.14,0.0175,no
TRQ,Put,TRQ210219P00009000,2021-01-28 2:02PM EST,9.0,0.15,0.1,0.2,0.0,-,10,15,82.81%,11.0,0.15000000000000002,0.15,0.016666666666666666,no
TRQ,Put,TRQ210219P00010000,2021-01-29 2:34PM EST,10.0,0.47,0.3,0.45,-0.03,-6.00%,2,81,79.10%,11.0,0.375,0.375,0.0375,no
TRQ,Put,TRQ210219P00011000,2021-01-29 2:59PM EST,11.0,0.85,0.75,0.9,-0.05,-5.56%,10,305,80.47%,11.0,0.825,0.825,0.075,yes
TRQ,Put,TRQ210219P00012000,2021-01-27 11:44AM EST,12.0,1.49,1.4,1.55,-0.03,-1.97%,4,159,82.81%,11.0,1.475,1.475,0.12291666666666667,no
TRQ,Put,TRQ210219P00013000,2021-01-25 11:03AM EST,13.0,2.42,2.2,2.5,0.0,-,310,202,95.31%,11.0,2.35,2.35,0.1807692307692308,no
TRQ,Put,TRQ210219P00014000,2021-01-15 11:04AM EST,14.0,2.5,3.0,3.3,0.0,-,350,201,87.89%,11.0,3.15,2.5,0.17857142857142858,no
TRQ,Put,TRQ210219P00016000,2021-01-11 9:42AM EST,16.0,3.8,4.7,5.8,0.0,-,-,14,136.72%,11.0,5.25,3.8,0.2375,no
HBM,Call,HBM210219C00005000,2021-01-29 11:05AM EST,5.0,1.05,0.7,0.95,0.05,+5.00%,46,44,77.34%,5.69,0.825,0.825,0.14499121265377854,no
HBM,Call,HBM210219C00007500,2021-01-29 3:13PM EST,7.5,0.09,0.05,0.1,-0.01,-10.00%,45,710,95.31%,5.69,0.07500000000000001,0.07500000000000001,0.013181019332161687,yes
HBM,Call,HBM210219C00010000,2021-01-22 3:57PM EST,10.0,0.1,0.0,0.05,0.0,-,1,51,126.56%,5.69,0.025,0.025,0.004393673110720562,no
HBM,Put,HBM210219P00005000,2020-12-29 2:48PM EST,5.0,0.05,0.0,0.2,0.0,-,-,20,67.97%,5.69,0.1,0.05,0.01,yes
HBM,Put,HBM210219P00007500,2021-01-28 1:57PM EST,7.5,1.65,1.05,2.2,0.0,-,1,103,174.22%,5.69,1.625,1.625,0.21666666666666667,no
HBM,Put,HBM210219P00010000,2021-01-06 3:49PM EST,10.0,2.65,3.7,4.9,0.0,-,10,11,295.70%,5.69,4.300000000000002,2.65,0.265,no
IPI,Call,IPI210219C00009000,2021-01-26 3:26PM EST,9.0,15.6,13.0,15.7,0.0,-,4,16,334.77%,22.73,14.35,14.35,0.631324241091069,no
IPI,Call,IPI210219C00012000,2021-01-08 12:50PM EST,12.0,10.6,9.8,12.7,0.0,-,10,10,232.62%,22.73,11.25,10.6,0.4663440387153541,no
IPI,Call,IPI210219C00017000,2021-01-19 12:04AM EST,17.0,10.0,5.7,6.8,0.0,-,-,1,128.32%,22.73,6.25,6.25,0.27496700395952484,no
IPI,Call,IPI210219C00018000,2021-01-26 9:52AM EST,18.0,7.5,5.1,5.8,0.0,-,5,6,125.78%,22.73,5.449999999999998,5.449999999999998,0.23977122745270565,no
IPI,Call,IPI210219C00019000,2020-12-31 11:45AM EST,19.0,7.9,4.2,5.2,0.0,-,3,3,123.14%,22.73,4.7,4.7,0.2067751869775627,no
IPI,Call,IPI210219C00020000,2021-01-08 10:27AM EST,20.0,5.6,3.4,4.4,0.0,-,1,4,114.75%,22.73,3.9,3.9,0.17157941047074352,no
IPI,Call,IPI210219C00021000,2020-12-31 12:44PM EST,21.0,5.68,2.55,3.9,0.0,-,23,3,110.84%,22.73,3.225,3.225,0.1418829740431148,no
IPI,Call,IPI210219C00022000,2021-01-22 1:56PM EST,22.0,4.3,2.4,3.1,0.0,-,5,11,113.67%,22.73,2.75,2.75,0.12098548174219095,no
IPI,Call,IPI210219C00023000,2021-01-29 3:11PM EST,23.0,2.3,1.9,2.7,-0.05,-2.13%,1,110,114.26%,22.73,2.3,2.3,0.10118785745710514,yes
IPI,Call,IPI210219C00024000,2021-01-28 11:23AM EST,24.0,2.37,1.35,2.7,0.0,-,5,25,120.12%,22.73,2.0250000000000004,2.0250000000000004,0.08908930928288608,no
IPI,Call,IPI210219C00025000,2021-01-29 12:39PM EST,25.0,1.45,1.05,1.85,-0.65,-30.95%,4,459,108.89%,22.73,1.4500000000000002,1.45,0.06379234491860976,no
IPI,Call,IPI210219C00026000,2021-01-28 11:49AM EST,26.0,1.4,0.8,1.55,0.0,-,15,48,109.18%,22.73,1.175,1.175,0.051693796744390674,no
IPI,Call,IPI210219C00027000,2021-01-26 10:36AM EST,27.0,0.84,0.7,1.35,-1.21,-59.02%,100,62,113.67%,22.73,1.025,0.84,0.036955565332160135,no
IPI,Call,IPI210219C00028000,2021-01-28 12:52PM EST,28.0,1.05,0.4,1.1,0.0,-,1,10,109.18%,22.73,0.75,0.75,0.03299604047514298,no
IPI,Call,IPI210219C00029000,2021-01-27 1:48PM EST,29.0,0.8,0.35,0.95,0.0,-,1,6,112.79%,22.73,0.6499999999999999,0.6499999999999999,0.02859656841179058,no
IPI,Call,IPI210219C00030000,2021-01-29 12:45PM EST,30.0,0.5,0.3,0.8,-0.15,-23.08%,3,192,115.04%,22.73,0.55,0.5,0.021997360316761992,no
IPI,Call,IPI210219C00031000,2021-01-12 3:40PM EST,31.0,3.1,0.2,0.7,0.0,-,4,4,115.82%,22.73,0.45,0.45,0.019797624285085788,no
IPI,Call,IPI210219C00032000,2021-01-19 2:25PM EST,32.0,1.15,0.15,0.65,0.0,-,1,11,119.34%,22.73,0.4,0.4,0.01759788825340959,no
IPI,Call,IPI210219C00033000,2021-01-07 3:43PM EST,33.0,1.65,0.1,0.55,0.0,-,-,6,119.73%,22.73,0.325,0.325,0.014298284205895294,no
IPI,Call,IPI210219C00034000,2021-01-27 3:36PM EST,34.0,0.5,0.1,0.5,0.0,-,3,42,123.83%,22.73,0.3,0.3,0.013198416190057191,no
IPI,Call,IPI210219C00035000,2021-01-25 9:49AM EST,35.0,0.49,0.15,0.5,0.0,-,5,80,132.62%,22.73,0.325,0.325,0.014298284205895294,no
IPI,Put,IPI210219P00012000,2021-01-07 11:48AM EST,12.0,0.3,0.0,1.4,0.0,-,5,0,255.47%,22.73,0.7,0.3,0.025,no
IPI,Put,IPI210219P00013000,2021-01-15 2:10PM EST,13.0,0.2,0.0,1.5,0.0,-,1,3,235.35%,22.73,0.75,0.2,0.015384615384615384,no
IPI,Put,IPI210219P00014000,2021-01-27 3:24PM EST,14.0,0.3,0.0,1.5,0.0,-,8,15,211.33%,22.73,0.75,0.3,0.021428571428571432,no
IPI,Put,IPI210219P00015000,2021-01-27 3:00PM EST,15.0,0.3,0.0,0.45,0.0,-,1,39,130.66%,22.73,0.225,0.225,0.015,no
IPI,Put,IPI210219P00016000,2021-01-28 9:51AM EST,16.0,0.55,0.15,0.6,0.0,-,1,30,132.23%,22.73,0.375,0.375,0.0234375,no
IPI,Put,IPI210219P00017000,2021-01-19 3:13PM EST,17.0,0.35,0.25,0.7,0.0,-,-,18,124.32%,22.73,0.475,0.35,0.020588235294117647,no
IPI,Put,IPI210219P00018000,2021-01-28 2:24PM EST,18.0,0.6,0.35,0.9,0.0,-,5,101,118.56%,22.73,0.625,0.6,0.03333333333333333,no
IPI,Put,IPI210219P00019000,2021-01-21 12:36PM EST,19.0,0.65,0.1,1.6,0.0,-,5,8,115.53%,22.73,0.8500000000000001,0.65,0.03421052631578948,no
IPI,Put,IPI210219P00020000,2021-01-28 1:56PM EST,20.0,1.05,0.75,1.35,0.0,-,6,3,107.91%,22.73,1.05,1.05,0.052500000000000005,no
IPI,Put,IPI210219P00021000,2021-01-28 12:39PM EST,21.0,1.35,0.35,2.4,0.0,-,10,63,104.59%,22.73,1.375,1.35,0.0642857142857143,no
IPI,Put,IPI210219P00022000,2021-01-21 12:12PM EST,22.0,1.45,1.45,2.2,0.0,-,4,5,104.20%,22.73,1.825,1.45,0.0659090909090909,yes
IPI,Put,IPI210219P00023000,2021-01-29 3:42PM EST,23.0,2.15,2.0,2.9,0.55,+34.38%,1,154,108.59%,22.73,2.45,2.15,0.09347826086956522,no
IPI,Put,IPI210219P00024000,2021-01-29 1:14PM EST,24.0,2.9,2.6,3.3,-0.2,-6.45%,10,55,103.81%,22.73,2.95,2.9,0.12083333333333332,no
IPI,Put,IPI210219P00025000,2021-01-26 10:00AM EST,25.0,2.7,3.3,4.0,0.0,-,2,2,105.47%,22.73,3.65,2.7,0.108,no
IPI,Put,IPI210219P00026000,2021-01-20 3:29PM EST,26.0,2.75,4.1,4.7,0.0,-,10,11,106.84%,22.73,4.4,2.75,0.10576923076923077,no
IPI,Put,IPI210219P00030000,2021-01-13 10:04AM EST,30.0,6.1,7.4,8.1,0.0,-,10,54,110.06%,22.73,7.75,6.1,0.2033333333333333,no
IPI,Put,IPI210219P00035000,2021-01-27 9:33AM EST,35.0,12.8,11.1,13.7,0.0,-,9,9,108.59%,22.73,12.4,12.4,0.35428571428571426,no
MOS,Call,MOS210219C00018000,2021-01-22 1:24PM EST,18.0,10.1,7.8,9.0,0.0,-,1,2,137.50%,25.96,8.4,8.4,0.3235747303543914,no
MOS,Call,MOS210219C00019000,2020-12-30 3:22PM EST,19.0,3.68,6.8,7.9,0.0,-,1,3,117.58%,25.96,7.35,3.68,0.14175654853620956,no
MOS,Call,MOS210219C00020000,2021-01-08 10:01AM EST,20.0,6.2,5.55,6.5,-0.63,-9.22%,4,509,65.63%,25.96,6.025,6.025,0.2320878274268105,no
MOS,Call,MOS210219C00021000,2021-01-26 10:57AM EST,21.0,6.9,5.15,5.75,0.0,-,1,71,96.39%,25.96,5.45,5.45,0.20993836671802774,no
MOS,Call,MOS210219C00022000,2021-01-26 10:26AM EST,22.0,6.05,4.1,4.6,0.0,-,2,325,75.10%,25.96,4.35,4.35,0.1675654853620955,no
MOS,Call,MOS210219C00023000,2021-01-27 10:15AM EST,23.0,4.23,3.35,3.8,0.73,+20.86%,1,647,74.61%,25.96,3.575,3.575,0.13771186440677965,no
MOS,Call,MOS210219C00024000,2021-01-29 12:47PM EST,24.0,2.9,2.74,2.89,-0.8,-21.62%,2,248,71.00%,25.96,2.8150000000000004,2.8150000000000004,0.1084360554699538,no
MOS,Call,MOS210219C00025000,2021-01-29 1:29PM EST,25.0,2.45,2.15,2.34,-0.55,-18.33%,7,"3,049",72.46%,25.96,2.245,2.245,0.08647919876733436,no
MOS,Call,MOS210219C00026000,2021-01-29 3:45PM EST,26.0,1.7,1.61,1.81,0.1,+6.25%,1,198,71.39%,25.96,1.71,1.7,0.06548536209553159,yes
MOS,Call,MOS210219C00026500,2021-01-29 11:18AM EST,26.5,1.77,1.34,1.56,-0.08,-4.32%,20,50,69.73%,25.96,1.4500000000000002,1.4500000000000002,0.05585516178736518,no
MOS,Call,MOS210219C00027000,2021-01-29 3:14PM EST,27.0,1.32,1.17,1.36,-0.52,-28.26%,41,460,70.31%,25.96,1.265,1.265,0.048728813559322036,no
MOS,Call,MOS210219C00027500,2021-01-29 1:46PM EST,27.5,1.21,1.0,1.16,-0.42,-25.77%,352,597,69.92%,25.96,1.08,1.08,0.041602465331278884,no
MOS,Call,MOS210219C00028000,2021-01-29 3:00PM EST,28.0,0.99,0.86,1.01,-0.37,-27.21%,739,"1,586",70.41%,25.96,0.935,0.935,0.036016949152542374,no
MOS,Call,MOS210219C00028500,2021-01-29 2:54PM EST,28.5,0.88,0.63,0.88,-0.32,-26.67%,191,323,68.46%,25.96,0.755,0.755,0.029083204930662555,no
MOS,Call,MOS210219C00029000,2021-01-29 3:31PM EST,29.0,0.75,0.64,0.76,-0.3,-28.57%,6,915,71.58%,25.96,0.7,0.7,0.026964560862865944,no
MOS,Call,MOS210219C00029500,2021-01-29 1:15PM EST,29.5,0.65,0.54,0.67,-0.14,-17.72%,24,391,72.17%,25.96,0.605,0.605,0.02330508474576271,no
MOS,Call,MOS210219C00030000,2021-01-29 3:15PM EST,30.0,0.5,0.41,0.56,-0.26,-34.21%,126,"6,165",70.70%,25.96,0.485,0.485,0.018682588597842838,no
MOS,Call,MOS210219C00030500,2021-01-25 10:13AM EST,30.5,0.72,0.3,0.49,0.0,-,1,98,69.92%,25.96,0.395,0.395,0.015215716486902928,no
MOS,Call,MOS210219C00031000,2021-01-29 1:50PM EST,31.0,0.47,0.2,0.43,-0.08,-14.55%,8,"1,867",69.04%,25.96,0.315,0.315,0.012134052388289676,no
MOS,Call,MOS210219C00031500,2021-01-27 10:54AM EST,31.5,0.33,0.23,0.37,-0.1,-23.26%,3,23,72.07%,25.96,0.3,0.3,0.011556240369799691,no
MOS,Call,MOS210219C00032000,2021-01-28 2:26PM EST,32.0,0.31,0.11,0.34,-0.1,-24.39%,36,903,69.92%,25.96,0.225,0.225,0.008667180277349768,no
MOS,Call,MOS210219C00032500,2021-01-26 11:42AM EST,32.5,0.29,0.16,0.27,0.0,-,63,69,72.66%,25.96,0.215,0.215,0.008281972265023113,no
MOS,Call,MOS210219C00033000,2021-01-29 11:38AM EST,33.0,0.25,0.14,0.24,-0.02,-7.41%,268,"1,911",73.83%,25.96,0.19,0.19,0.00731895223420647,no
MOS,Call,MOS210219C00034000,2021-01-21 2:10PM EST,34.0,0.2,0.14,0.22,-0.02,-9.09%,5,45,79.49%,25.96,0.18,0.18,0.006933744221879814,no
MOS,Call,MOS210219C00035000,2021-01-26 2:32PM EST,35.0,0.15,0.12,0.17,0.03,+25.00%,10,76,81.64%,25.96,0.14500000000000002,0.14500000000000002,0.005585516178736518,no
MOS,Put,MOS210219P00015000,2021-01-07 3:22PM EST,15.0,0.12,0.0,0.36,0.0,-,-,5,151.17%,25.96,0.18,0.12,0.008,no
MOS,Put,MOS210219P00016000,2020-12-29 9:30AM EST,16.0,0.14,0.0,0.29,0.0,-,-,3,129.69%,25.96,0.145,0.14,0.00875,no
MOS,Put,MOS210219P00017000,2021-01-29 10:54AM EST,17.0,0.02,0.0,0.02,0.0,-,10,11,75.00%,25.96,0.01,0.01,0.0005882352941176471,no
MOS,Put,MOS210219P00018000,2021-01-14 3:31PM EST,18.0,0.03,0.0,0.56,0.0,-,500,518,120.90%,25.96,0.28,0.03,0.0016666666666666663,no
MOS,Put,MOS210219P00019000,2021-01-28 2:24PM EST,19.0,0.06,0.01,0.36,0.0,-,2,556,95.70%,25.96,0.185,0.06,0.003157894736842105,no
MOS,Put,MOS210219P00020000,2021-01-27 3:45PM EST,20.0,0.15,0.15,0.21,0.0,-,44,737,82.62%,25.96,0.18,0.15,0.0075,no
MOS,Put,MOS210219P00021000,2021-01-29 3:14PM EST,21.0,0.3,0.19,0.32,0.15,+100.00%,139,240,77.73%,25.96,0.255,0.255,0.012142857142857144,no
MOS,Put,MOS210219P00022000,2021-01-29 3:14PM EST,22.0,0.42,0.32,0.48,0.17,+68.00%,60,364,75.78%,25.96,0.4,0.4,0.018181818181818184,no
MOS,Put,MOS210219P00023000,2021-01-29 1:44PM EST,23.0,0.56,0.56,0.64,0.09,+19.15%,129,305,73.73%,25.96,0.6000000000000001,0.56,0.024347826086956525,no
MOS,Put,MOS210219P00023500,2021-01-27 10:57AM EST,23.5,0.74,0.57,0.76,0.26,+54.17%,5,20,69.53%,25.96,0.665,0.665,0.02829787234042553,no
MOS,Put,MOS210219P00024000,2021-01-28 11:19AM EST,24.0,0.82,0.67,0.9,0.17,+26.15%,10,311,67.58%,25.96,0.785,0.785,0.03270833333333333,no
MOS,Put,MOS210219P00024500,2021-01-29 12:54PM EST,24.5,1.06,0.86,1.11,0.25,+30.86%,5,33,68.46%,25.96,0.985,0.985,0.040204081632653065,no
MOS,Put,MOS210219P00025000,2021-01-29 1:37PM EST,25.0,1.25,1.13,1.28,0.4,+47.06%,23,501,69.04%,25.96,1.205,1.205,0.0482,no
MOS,Put,MOS210219P00025500,2021-01-29 1:38PM EST,25.5,1.47,1.37,1.5,0.34,+30.09%,36,13,68.95%,25.96,1.435,1.435,0.05627450980392157,yes
MOS,Put,MOS210219P00026000,2021-01-29 2:05PM EST,26.0,1.62,1.63,1.75,0.42,+35.00%,690,652,68.95%,25.96,1.69,1.62,0.06230769230769233,no
MOS,Put,MOS210219P00026500,2021-01-29 3:08PM EST,26.5,1.93,1.83,2.03,0.5,+34.97%,17,182,67.29%,25.96,1.93,1.93,0.07283018867924528,no
MOS,Put,MOS210219P00027000,2021-01-27 1:10PM EST,27.0,1.66,2.14,2.33,0.0,-,4,637,67.38%,25.96,2.2350000000000003,1.66,0.06148148148148148,no
MOS,Put,MOS210219P00027500,2021-01-27 1:10PM EST,27.5,2.53,2.47,2.65,0.27,+11.95%,2,482,67.38%,25.96,2.56,2.53,0.092,no
MOS,Put,MOS210219P00028000,2021-01-28 3:07PM EST,28.0,2.15,2.81,3.1,0.0,-,36,845,69.53%,25.96,2.955,2.15,0.07678571428571428,no
MOS,Put,MOS210219P00028500,2021-01-27 12:12PM EST,28.5,2.77,3.2,3.4,0.0,-,30,110,68.65%,25.96,3.3,2.77,0.09719298245614033,no
MOS,Put,MOS210219P00029000,2021-01-27 10:59AM EST,29.0,2.98,3.35,3.8,0.0,-,2,444,63.28%,25.96,3.575,2.98,0.10275862068965518,no
MOS,Put,MOS210219P00030000,2021-01-27 12:17PM EST,30.0,3.9,4.1,4.6,0.0,-,13,31,60.16%,25.96,4.35,3.9,0.13,no
MOS,Put,MOS210219P00032000,2021-01-27 10:18AM EST,32.0,6.05,6.05,6.35,0.0,-,11,11,64.06%,25.96,6.199999999999998,6.05,0.1890625,no
MOS,Put,MOS210219P00035000,2021-01-12 10:48AM EST,35.0,7.98,8.8,9.6,0.0,-,3,3,83.40%,25.96,9.2,7.98,0.228,no
WWR,Call,WWR210219C00002500,2021-01-29 2:00PM EST,2.5,3.8,3.8,4.0,-0.7,-15.56%,25,540,209.38%,6.38,3.9,3.8,0.5956112852664577,no
WWR,Call,WWR210219C00005000,2021-01-29 3:57PM EST,5.0,1.8,1.75,1.85,-0.35,-16.28%,358,"7,396",182.03%,6.38,1.8,1.8,0.2821316614420063,no
WWR,Call,WWR210219C00007500,2021-01-29 3:59PM EST,7.5,1.0,1.0,1.15,-0.25,-20.00%,"2,461","10,135",246.48%,6.38,1.075,1.0,0.15673981191222572,yes
WWR,Call,WWR210219C00010000,2021-01-29 3:53PM EST,10.0,0.75,0.7,0.75,-0.05,-6.25%,"1,546","6,066",276.56%,6.38,0.725,0.725,0.11363636363636365,no
WWR,Call,WWR210219C00012500,2021-01-29 3:55PM EST,12.5,0.5,0.5,0.6,-0.1,-16.67%,"2,854","9,398",301.17%,6.38,0.55,0.5,0.07836990595611286,no
WWR,Put,WWR210219P00002500,2021-01-29 12:24PM EST,2.5,0.02,0.0,0.05,-0.02,-50.00%,10,853,215.63%,6.38,0.025,0.02,0.008,no
WWR,Put,WWR210219P00005000,2021-01-29 3:38PM EST,5.0,0.5,0.4,0.5,0.1,+25.00%,"1,188","10,177",189.06%,6.38,0.45,0.45,0.09,yes
WWR,Put,WWR210219P00007500,2021-01-29 2:35PM EST,7.5,2.2,2.1,2.3,0.22,+11.11%,208,"2,415",247.27%,6.38,2.2,2.2,0.2933333333333333,no
WWR,Put,WWR210219P00010000,2021-01-29 12:18PM EST,10.0,4.3,4.2,4.6,0.2,+4.88%,24,462,286.33%,6.38,4.4,4.3,0.43,no
WWR,Put,WWR210219P00012500,2021-01-27 2:36PM EST,12.5,6.1,6.6,7.0,0.0,-,3,15,326.56%,6.38,6.8,6.1,0.488,no
PLG,Call,PLG210219C00002500,2021-01-29 2:33PM EST,2.5,1.4,1.15,1.5,-0.02,-1.41%,56,82,173.44%,3.72,1.325,1.325,0.3561827956989247,no
PLG,Call,PLG210219C00005000,2021-01-29 3:37PM EST,5.0,0.26,0.25,0.3,-0.09,-25.71%,216,"2,247",185.94%,3.72,0.275,0.26,0.06989247311827956,yes
PLG,Call,PLG210219C00007500,2021-01-29 3:20PM EST,7.5,0.08,0.05,0.1,-0.07,-46.67%,52,"2,041",202.34%,3.72,0.07500000000000001,0.07500000000000001,0.020161290322580648,no
PLG,Call,PLG210219C00010000,2021-01-27 1:30PM EST,10.0,0.05,0.05,0.1,0.0,-,45,150,257.81%,3.72,0.07500000000000001,0.05,0.013440860215053764,no
PLG,Put,PLG210219P00002500,2021-01-29 11:13AM EST,2.5,0.1,0.0,0.2,-0.05,-33.33%,2,14,170.31%,3.72,0.1,0.1,0.04,yes
PLG,Put,PLG210219P00005000,2021-01-28 3:18PM EST,5.0,1.35,1.4,1.55,0.0,-,2,875,159.77%,3.72,1.475,1.35,0.27,no
PLG,Put,PLG210219P00007500,2021-01-27 3:35PM EST,7.5,3.84,3.7,4.1,0.0,-,1,220,227.34%,3.72,3.9,3.84,0.512,no
PLG,Put,PLG210219P00010000,2021-01-07 9:31AM EST,10.0,4.74,6.2,6.5,0.0,-,-,22,253.91%,3.72,6.35,4.74,0.474,no
NAK,Call,NAK210219C00000500,2021-01-29 3:59PM EST,0.5,0.2,0.2,0.21,-0.05,-20.00%,"7,667","18,231",340.63%,0.573,0.205,0.2,0.3490401396160559,no
NAK,Call,NAK210219C00001000,2021-01-29 3:57PM EST,1.0,0.11,0.11,0.12,-0.03,-21.43%,"6,528","31,354",403.13%,0.573,0.115,0.11,0.19197207678883074,yes
NAK,Call,NAK210219C00001500,2021-01-29 3:52PM EST,1.5,0.09,0.08,0.09,-0.03,-25.00%,"1,060","10,895",443.75%,0.573,0.08499999999999999,0.08499999999999999,0.14834205933682373,no
NAK,Call,NAK210219C00002000,2021-01-29 3:51PM EST,2.0,0.08,0.05,0.07,0.01,+14.29%,"1,606","15,447",450.00%,0.573,0.06000000000000001,0.06000000000000001,0.10471204188481677,no
NAK,Call,NAK210219C00003000,2021-01-29 3:48PM EST,3.0,0.04,0.03,0.05,-0.01,-20.00%,766,"12,994",475.00%,0.573,0.04,0.04,0.06980802792321117,no
NAK,Call,NAK210219C00004000,2021-01-29 2:53PM EST,4.0,0.04,0.03,0.05,0.0,-,544,"7,830",525.00%,0.573,0.04,0.04,0.06980802792321117,no
NAK,Call,NAK210219C00005000,2021-01-29 3:57PM EST,5.0,0.01,0.01,0.03,-0.02,-66.67%,601,"12,469",493.75%,0.573,0.02,0.01,0.017452006980802796,no
NAK,Call,NAK210219C00006000,2021-01-29 3:47PM EST,6.0,0.02,0.01,0.03,0.0,-,321,465,518.75%,0.573,0.02,0.02,0.034904013961605584,no
NAK,Put,NAK210219P00000500,2021-01-29 3:51PM EST,0.5,0.11,0.1,0.14,-0.01,-8.33%,"2,107","9,075",312.50%,0.573,0.12,0.11,0.22,yes
NAK,Put,NAK210219P00001000,2021-01-29 2:38PM EST,1.0,0.54,0.5,0.69,0.0,-,367,"3,664",500.00%,0.573,0.595,0.54,0.54,no
NAK,Put,NAK210219P00001500,2021-01-29 2:22PM EST,1.5,1.0,0.85,1.05,0.0,-,15,67,293.75%,0.573,0.95,0.95,0.6333333333333333,no
NAK,Put,NAK210219P00002000,2021-01-28 3:32PM EST,2.0,1.58,1.27,1.66,0.0,-,16,228,396.88%,0.573,1.465,1.465,0.7324999999999999,no
NAK,Put,NAK210219P00003000,2021-01-28 1:14PM EST,3.0,2.92,1.7,2.99,0.0,-,1,373,"2,250.00%",0.573,2.345,2.345,0.7816666666666667,no
NAK,Put,NAK210219P00004000,2021-01-26 9:30AM EST,4.0,3.45,2.85,3.8,0.0,-,1,11,"1,218.75%",0.573,3.325,3.325,0.83125,no
NAK,Put,NAK210219P00005000,2021-01-07 10:07AM EST,5.0,4.65,3.45,5.35,0.0,-,1,13,0.00%,0.573,4.4,4.4,0.8800000000000001,no
NAK,Put,NAK210219P00006000,2021-01-29 3:13PM EST,6.0,5.4,4.7,6.4,0.4,+8.00%,1,4,787.50%,0.573,5.550000000000002,5.4,0.9,no
CDE,Call,CDE210219C00004000,2021-01-04 3:59PM EST,4.0,6.86,4.7,5.7,0.0,-,-,11,260.94%,9.05,5.2,5.2,0.574585635359116,no
CDE,Call,CDE210219C00005000,2021-01-28 9:34AM EST,5.0,3.8,4.0,4.3,0.0,-,1,456,179.69%,9.05,4.15,3.8,0.4198895027624309,no
CDE,Call,CDE210219C00006000,2021-01-28 3:27PM EST,6.0,3.65,3.0,3.4,0.65,+21.67%,7,"2,090",149.22%,9.05,3.2,3.2,0.3535911602209945,no
CDE,Call,CDE210219C00007000,2021-01-29 12:08PM EST,7.0,2.45,2.15,2.45,0.25,+11.36%,182,316,126.56%,9.05,2.3,2.3,0.2541436464088397,no
CDE,Call,CDE210219C00008000,2021-01-29 3:40PM EST,8.0,1.45,1.4,1.6,0.0,-,473,"1,686",110.55%,9.05,1.5,1.45,0.1602209944751381,no
CDE,Call,CDE210219C00009000,2021-01-29 3:38PM EST,9.0,0.9,0.85,0.95,0.0,-,"1,407","2,608",104.10%,9.05,0.8999999999999999,0.8999999999999999,0.09944751381215468,no
CDE,Call,CDE210219C00010000,2021-01-29 3:48PM EST,10.0,0.55,0.5,0.7,-0.05,-8.33%,"2,426","6,665",113.28%,9.05,0.6,0.55,0.06077348066298342,yes
CDE,Call,CDE210219C00011000,2021-01-29 3:49PM EST,11.0,0.35,0.3,0.45,-0.03,-7.89%,927,"3,359",116.41%,9.05,0.375,0.35,0.03867403314917126,no
CDE,Call,CDE210219C00012000,2021-01-29 3:11PM EST,12.0,0.25,0.15,0.25,0.0,-,370,"1,309",112.89%,9.05,0.2,0.2,0.022099447513812157,no
CDE,Call,CDE210219C00013000,2021-01-29 3:30PM EST,13.0,0.15,0.15,0.2,0.0,-,748,284,127.34%,9.05,0.175,0.15,0.016574585635359115,no
CDE,Call,CDE210219C00014000,2021-01-29 12:44PM EST,14.0,0.15,0.05,0.15,0.05,+50.00%,60,130,125.78%,9.05,0.1,0.1,0.011049723756906077,no
CDE,Call,CDE210219C00015000,2021-01-29 12:09PM EST,15.0,0.1,0.05,0.15,-0.05,-33.33%,20,32,139.84%,9.05,0.1,0.1,0.011049723756906077,no
CDE,Call,CDE210219C00016000,2021-01-28 10:31AM EST,16.0,0.1,0.05,0.15,0.0,-,1,38,152.34%,9.05,0.1,0.1,0.011049723756906077,no
CDE,Call,CDE210219C00017000,2021-01-29 1:56PM EST,17.0,0.3,0.05,0.3,0.12,+66.67%,2,117,185.94%,9.05,0.175,0.175,0.01933701657458563,no
CDE,Put,CDE210219P00005000,2021-01-22 9:32AM EST,5.0,0.07,0.0,0.05,0.0,-,7,10,134.38%,9.05,0.025,0.025,0.005,no
CDE,Put,CDE210219P00006000,2021-01-27 3:36PM EST,6.0,0.1,0.0,0.4,0.0,-,14,30,163.28%,9.05,0.2,0.1,0.016666666666666666,no
CDE,Put,CDE210219P00007000,2021-01-29 11:49AM EST,7.0,0.2,0.1,0.25,-0.05,-20.00%,21,892,110.94%,9.05,0.175,0.175,0.025,no
CDE,Put,CDE210219P00008000,2021-01-29 12:38PM EST,8.0,0.45,0.3,0.5,-0.1,-18.18%,63,"2,368",103.52%,9.05,0.4,0.4,0.05,no
CDE,Put,CDE210219P00009000,2021-01-29 3:21PM EST,9.0,0.8,0.8,0.95,-0.1,-11.11%,74,"1,833",107.03%,9.05,0.875,0.8,0.08888888888888889,yes
CDE,Put,CDE210219P00010000,2021-01-29 1:05PM EST,10.0,1.45,1.45,1.6,0.05,+3.57%,23,"1,639",110.35%,9.05,1.525,1.45,0.145,no
CDE,Put,CDE210219P00011000,2021-01-29 9:58AM EST,11.0,1.9,2.15,2.35,-0.5,-20.83%,21,483,105.47%,9.05,2.25,1.9,0.17272727272727273,no
CDE,Put,CDE210219P00012000,2021-01-26 10:01AM EST,12.0,3.6,3.0,3.3,0.0,-,1,46,112.89%,9.05,3.15,3.15,0.2625,no
CDE,Put,CDE210219P00013000,2020-12-24 11:03AM EST,13.0,3.5,4.3,4.5,0.0,-,1,1,174.61%,9.05,4.4,3.5,0.2692307692307692,no
CDE,Put,CDE210219P00014000,2021-01-08 9:46AM EST,14.0,3.95,4.7,5.7,0.0,-,10,0,159.77%,9.05,5.2,3.95,0.28214285714285714,no
CDE,Put,CDE210219P00017000,2020-12-18 9:33AM EST,17.0,6.9,8.5,8.7,0.0,-,55,55,272.27%,9.05,8.6,6.9,0.4058823529411765,no
CLF,Call,CLF210219C00005000,2021-01-27 9:42AM EST,5.0,10.0,8.0,12.6,0.0,-,1,68,812.89%,15.34,10.3,10.0,0.651890482398957,no
CLF,Call,CLF210219C00006000,2021-01-06 3:40PM EST,6.0,11.3,7.1,11.75,0.0,-,6,8,231.25%,15.34,9.425,9.425,0.6144067796610171,no
CLF,Call,CLF210219C00007000,2020-12-31 9:32AM EST,7.0,7.35,8.0,11.5,0.0,-,5,99,461.72%,15.34,9.75,7.35,0.4791395045632333,no
CLF,Call,CLF210219C00008000,2021-01-26 10:48AM EST,8.0,7.35,6.65,9.2,-0.7,-8.70%,3,250,278.91%,15.34,7.925,7.35,0.4791395045632333,no
CLF,Call,CLF210219C00009000,2021-01-27 1:56PM EST,9.0,7.4,4.35,7.75,0.0,-,9,219,348.05%,15.34,6.05,6.05,0.39439374185136894,no
CLF,Call,CLF210219C00010000,2021-01-29 3:17PM EST,10.0,5.48,5.1,7.05,-1.02,-15.69%,11,847,223.05%,15.34,6.074999999999998,5.48,0.35723598435462844,no
CLF,Call,CLF210219C00011000,2021-01-29 11:06AM EST,11.0,5.03,4.35,4.5,-0.97,-16.17%,10,733,94.92%,15.34,4.425,4.425,0.28846153846153844,no
CLF,Call,CLF210219C00011500,2021-01-25 2:10PM EST,11.5,5.05,3.45,5.0,0.0,-,21,21,132.03%,15.34,4.225,4.225,0.2754237288135593,no
CLF,Call,CLF210219C00012000,2021-01-29 2:42PM EST,12.0,3.38,3.5,5.05,-0.97,-22.30%,2,932,175.78%,15.34,4.275,3.38,0.22033898305084745,no
CLF,Call,CLF210219C00012500,2021-01-27 2:50PM EST,12.5,3.65,2.7,4.75,0.0,-,1,12,154.49%,15.34,3.725,3.65,0.2379400260756193,no
CLF,Call,CLF210219C00013000,2021-01-29 2:10PM EST,13.0,2.75,2.58,2.98,-0.55,-16.67%,31,"2,975",97.46%,15.34,2.78,2.75,0.17926988265971314,no
CLF,Call,CLF210219C00014000,2021-01-29 2:42PM EST,14.0,1.98,1.71,2.21,-0.54,-21.43%,38,"5,093",85.55%,15.34,1.96,1.96,0.12777053455019555,no
CLF,Call,CLF210219C00014500,2021-01-29 1:17PM EST,14.5,1.62,1.56,1.67,-0.43,-20.98%,7,24,82.42%,15.34,1.615,1.615,0.10528031290743156,no
CLF,Call,CLF210219C00015000,2021-01-29 3:37PM EST,15.0,1.38,1.3,1.8,-0.46,-25.00%,164,"2,917",97.17%,15.34,1.55,1.38,0.08996088657105605,no
CLF,Call,CLF210219C00015500,2021-01-29 3:46PM EST,15.5,1.12,1.06,1.16,-0.39,-25.83%,222,171,82.62%,15.34,1.11,1.11,0.07235984354628422,yes
CLF,Call,CLF210219C00016000,2021-01-29 3:57PM EST,16.0,0.9,0.86,0.93,-0.3,-25.00%,171,"2,034",81.84%,15.34,0.895,0.895,0.05834419817470665,no
CLF,Call,CLF210219C00016500,2021-01-29 3:51PM EST,16.5,0.76,0.72,0.77,-0.32,-29.63%,89,355,83.59%,15.34,0.745,0.745,0.048565840938722286,no
CLF,Call,CLF210219C00017000,2021-01-29 3:52PM EST,17.0,0.61,0.57,0.62,-0.19,-23.75%,594,"5,451",83.20%,15.34,0.595,0.595,0.038787483702737935,no
CLF,Call,CLF210219C00017500,2021-01-29 2:09PM EST,17.5,0.5,0.45,0.5,-0.14,-21.87%,81,555,83.40%,15.34,0.475,0.475,0.030964797913950456,no
CLF,Call,CLF210219C00018000,2021-01-29 3:38PM EST,18.0,0.38,0.36,0.38,-0.16,-29.63%,616,"4,046",82.81%,15.34,0.37,0.37,0.02411994784876141,no
CLF,Call,CLF210219C00018500,2021-01-29 1:28PM EST,18.5,0.31,0.29,0.32,-0.12,-27.91%,126,"1,596",84.38%,15.34,0.305,0.305,0.019882659713168188,no
CLF,Call,CLF210219C00019000,2021-01-29 3:51PM EST,19.0,0.24,0.21,0.25,-0.11,-31.43%,88,"1,974",83.40%,15.34,0.23,0.23,0.014993481095176009,no
CLF,Call,CLF210219C00019500,2021-01-28 3:39PM EST,19.5,0.28,0.17,1.03,0.0,-,20,301,126.37%,15.34,0.6,0.28,0.0182529335071708,no
CLF,Call,CLF210219C00020000,2021-01-29 3:54PM EST,20.0,0.16,0.15,0.19,-0.07,-30.43%,261,"4,624",88.28%,15.34,0.16999999999999998,0.16,0.010430247718383313,no
CLF,Call,CLF210219C00020500,2021-01-29 3:20PM EST,20.5,0.12,0.1,0.14,-0.04,-25.00%,39,110,86.13%,15.34,0.12,0.12,0.007822685788787484,no
CLF,Call,CLF210219C00021000,2021-01-29 1:10PM EST,21.0,0.13,0.08,0.12,-0.03,-18.75%,60,"1,344",87.50%,15.34,0.1,0.1,0.00651890482398957,no
CLF,Call,CLF210219C00021500,2021-01-29 11:39AM EST,21.5,0.12,0.06,0.7,-0.07,-36.84%,1,110,131.25%,15.34,0.38,0.12,0.007822685788787484,no
CLF,Call,CLF210219C00022000,2021-01-29 1:33PM EST,22.0,0.08,0.06,0.09,-0.04,-33.33%,30,603,91.41%,15.34,0.075,0.075,0.004889178617992178,no
CLF,Call,CLF210219C00023000,2021-01-27 2:24PM EST,23.0,0.14,0.0,0.23,0.0,-,14,221,109.38%,15.34,0.115,0.115,0.0074967405475880045,no
CLF,Call,CLF210219C00025000,2021-01-29 3:59PM EST,25.0,0.05,0.02,0.05,0.01,+25.00%,143,"16,142",102.34%,15.34,0.035,0.035,0.0022816166883963497,no
CLF,Put,CLF210219P00006000,2020-12-17 10:34AM EST,6.0,0.07,0.0,0.24,0.0,-,29,0,247.66%,15.34,0.12,0.07,0.011666666666666669,no
CLF,Put,CLF210219P00007000,2020-12-16 10:07AM EST,7.0,0.01,0.0,0.3,0.0,-,100,0,221.88%,15.34,0.15,0.01,0.0014285714285714286,no
CLF,Put,CLF210219P00008000,2021-01-21 11:44AM EST,8.0,0.05,0.0,2.13,0.0,-,5,380,352.34%,15.34,1.065,0.05,0.00625,no
CLF,Put,CLF210219P00009000,2021-01-27 9:32AM EST,9.0,0.02,0.0,0.35,0.0,-,12,242,166.02%,15.34,0.175,0.02,0.0022222222222222227,no
CLF,Put,CLF210219P00010000,2021-01-28 11:06AM EST,10.0,0.09,0.0,0.26,0.0,-,12,449,128.91%,15.34,0.13,0.09,0.009000000000000001,no
CLF,Put,CLF210219P00011000,2021-01-29 2:21PM EST,11.0,0.11,0.06,0.13,0.01,+10.00%,10,"2,725",97.66%,15.34,0.095,0.095,0.008636363636363636,no
CLF,Put,CLF210219P00011500,2021-01-29 1:19PM EST,11.5,0.14,0.1,0.12,0.07,+100.00%,1,100,90.23%,15.34,0.11,0.11,0.00956521739130435,no
CLF,Put,CLF210219P00012000,2021-01-27 2:51PM EST,12.0,0.15,0.16,0.18,0.0,-,"1,104","1,446",89.84%,15.34,0.16999999999999998,0.15,0.0125,no
CLF,Put,CLF210219P00012500,2021-01-26 12:51PM EST,12.5,0.14,0.21,0.25,0.0,-,3,3,86.72%,15.34,0.23,0.14,0.011200000000000002,no
CLF,Put,CLF210219P00013000,2021-01-29 3:32PM EST,13.0,0.31,0.14,0.37,0.1,+47.62%,47,812,77.93%,15.34,0.255,0.255,0.01961538461538461,no
CLF,Put,CLF210219P00013500,2021-01-29 1:53PM EST,13.5,0.47,0.41,0.46,0.08,+20.51%,60,43,83.59%,15.34,0.435,0.435,0.03222222222222222,no
CLF,Put,CLF210219P00014000,2021-01-29 2:31PM EST,14.0,0.65,0.53,0.61,0.1,+18.18%,9,"1,989",81.45%,15.34,0.5700000000000001,0.5700000000000001,0.04071428571428572,no
CLF,Put,CLF210219P00014500,2021-01-29 2:21PM EST,14.5,0.83,0.74,0.81,0.31,+59.62%,18,205,82.42%,15.34,0.775,0.775,0.05344827586206897,no
CLF,Put,CLF210219P00015000,2021-01-29 2:57PM EST,15.0,1.12,0.97,1.06,0.42,+60.00%,254,"3,193",83.20%,15.34,1.015,1.015,0.06766666666666668,yes
CLF,Put,CLF210219P00015500,2021-01-29 3:03PM EST,15.5,1.32,1.2,1.31,0.28,+26.92%,55,182,81.64%,15.34,1.255,1.255,0.08096774193548388,no
CLF,Put,CLF210219P00016000,2021-01-29 2:14PM EST,16.0,1.52,1.51,1.6,0.38,+33.33%,234,"1,391",81.84%,15.34,1.5550000000000002,1.52,0.095,no
CLF,Put,CLF210219P00016500,2021-01-29 10:22AM EST,16.5,1.51,1.87,2.08,0.1,+7.09%,4,116,88.67%,15.34,1.975,1.51,0.09151515151515152,no
CLF,Put,CLF210219P00017000,2021-01-29 1:02PM EST,17.0,2.27,2.18,2.3,0.55,+31.98%,110,"1,172",82.13%,15.34,2.24,2.24,0.13176470588235295,no
CLF,Put,CLF210219P00017500,2021-01-26 11:14AM EST,17.5,2.01,2.59,4.3,0.0,-,24,92,144.24%,15.34,3.445,2.01,0.11485714285714285,no
CLF,Put,CLF210219P00018000,2021-01-28 1:29PM EST,18.0,2.5,2.99,3.1,0.0,-,22,756,84.18%,15.34,3.045,2.5,0.1388888888888889,no
CLF,Put,CLF210219P00018500,2021-01-26 10:54AM EST,18.5,2.86,2.01,3.5,0.0,-,4,4,87.89%,15.34,2.755,2.755,0.14891891891891892,no
CLF,Put,CLF210219P00019000,2021-01-27 2:57PM EST,19.0,2.92,3.15,5.15,-0.68,-18.89%,1,284,109.38%,15.34,4.15,2.92,0.15368421052631578,no
CLF,Put,CLF210219P00019500,2021-01-25 9:42AM EST,19.5,3.4,3.05,5.85,0.0,-,12,12,96.88%,15.34,4.449999999999998,3.4,0.17435897435897435,no
CLF,Put,CLF210219P00020000,2021-01-26 3:46PM EST,20.0,4.05,2.86,6.25,0.0,-,1,196,211.13%,15.34,4.555,4.05,0.2025,no
CLF,Put,CLF210219P00020500,2021-01-19 1:15PM EST,20.5,3.2,3.95,6.95,0.0,-,-,2,109.38%,15.34,5.45,3.2,0.15609756097560976,no
CLF,Put,CLF210219P00021000,2021-01-14 2:34PM EST,21.0,3.4,5.65,7.45,0.0,-,9,27,172.07%,15.34,6.550000000000002,3.4,0.1619047619047619,no
CLF,Put,CLF210219P00022000,2021-01-25 11:14AM EST,22.0,5.4,5.1,8.3,0.0,-,2,107,81.64%,15.34,6.7,5.4,0.2454545454545455,no
CLF,Put,CLF210219P00023000,2021-01-19 12:12AM EST,23.0,5.1,5.8,9.55,0.0,-,-,3,78.13%,15.34,7.675000000000002,5.1,0.2217391304347826,no
CLF,Put,CLF210219P00025000,2021-01-06 12:08PM EST,25.0,7.75,8.05,11.95,0.0,-,-,1,161.72%,15.34,10.0,7.75,0.31,no
LAC,Call,LAC210219C00002500,2021-01-28 10:43AM EST,2.5,16.35,16.7,18.1,0.0,-,2,48,557.81%,19.71,17.4,16.35,0.8295281582952816,no
LAC,Call,LAC210219C00005000,2021-01-29 10:33AM EST,5.0,15.9,14.3,14.8,-0.1,-0.63%,1,547,318.75%,19.71,14.55,14.55,0.7382039573820396,no
LAC,Call,LAC210219C00007500,2021-01-27 3:42PM EST,7.5,13.7,12.1,12.8,0.91,+7.11%,3,917,280.47%,19.71,12.45,12.45,0.6316590563165905,no
LAC,Call,LAC210219C00010000,2021-01-29 3:54PM EST,10.0,9.8,9.6,10.1,0.1,+1.03%,81,"2,048",182.03%,19.71,9.85,9.8,0.4972095383054288,no
LAC,Call,LAC210219C00012500,2021-01-29 2:15PM EST,12.5,7.5,7.2,7.5,0.1,+1.35%,16,"1,405",130.08%,19.71,7.35,7.35,0.3729071537290715,no
LAC,Call,LAC210219C00015000,2021-01-29 3:48PM EST,15.0,5.1,5.1,5.4,-0.2,-3.77%,161,"3,649",131.45%,19.71,5.25,5.1,0.258751902587519,no
LAC,Call,LAC210219C00017500,2021-01-29 3:47PM EST,17.5,3.5,3.4,3.8,-0.1,-2.78%,233,"2,333",134.77%,19.71,3.6,3.5,0.17757483510908167,no
LAC,Call,LAC210219C00020000,2021-01-29 3:58PM EST,20.0,2.45,2.35,2.55,-0.1,-3.92%,"1,207","4,226",140.43%,19.71,2.45,2.45,0.1243023845763572,yes
LAC,Call,LAC210219C00022500,2021-01-29 3:33PM EST,22.5,1.7,1.55,1.75,0.05,+3.03%,"1,229","4,430",144.43%,19.71,1.65,1.65,0.0837138508371385,no
LAC,Call,LAC210219C00025000,2021-01-29 3:55PM EST,25.0,1.17,1.15,1.2,0.02,+1.74%,"1,392","6,689",151.66%,19.71,1.1749999999999998,1.17,0.0593607305936073,no
LAC,Call,LAC210219C00030000,2021-01-29 3:52PM EST,30.0,0.66,0.6,0.7,0.01,+1.54%,719,"7,476",164.84%,19.71,0.6499999999999999,0.6499999999999999,0.03297818366311516,no
LAC,Call,LAC210219C00035000,2021-01-29 3:57PM EST,35.0,0.4,0.3,0.45,-0.01,-2.44%,138,"4,350",173.63%,19.71,0.375,0.375,0.01902587519025875,no
LAC,Call,LAC210219C00040000,2021-01-29 3:57PM EST,40.0,0.25,0.15,0.3,-0.02,-7.41%,"1,271","3,624",180.08%,19.71,0.225,0.225,0.011415525114155249,no
LAC,Put,LAC210219P00002500,2021-01-05 9:39AM EST,2.5,0.03,0.0,0.05,0.0,-,2,183,393.75%,19.71,0.025,0.025,0.01,no
LAC,Put,LAC210219P00005000,2021-01-29 10:35AM EST,5.0,0.05,0.0,0.05,0.02,+66.67%,2,675,260.94%,19.71,0.025,0.025,0.005,no
LAC,Put,LAC210219P00007500,2021-01-29 9:51AM EST,7.5,0.05,0.0,0.05,0.0,-,40,"2,205",187.50%,19.71,0.025,0.025,0.0033333333333333327,no
LAC,Put,LAC210219P00010000,2021-01-29 10:29AM EST,10.0,0.1,0.05,0.1,0.03,+42.86%,10,"1,464",160.94%,19.71,0.07500000000000001,0.07500000000000001,0.0075000000000000015,no
LAC,Put,LAC210219P00012500,2021-01-29 3:43PM EST,12.5,0.2,0.1,0.25,0.03,+17.65%,18,"1,594",137.11%,19.71,0.175,0.175,0.014,no
LAC,Put,LAC210219P00015000,2021-01-29 3:44PM EST,15.0,0.54,0.5,0.6,0.02,+3.85%,293,"2,069",132.42%,19.71,0.55,0.54,0.036000000000000004,no
LAC,Put,LAC210219P00017500,2021-01-29 3:43PM EST,17.5,1.35,1.3,1.4,0.04,+3.05%,240,"7,953",132.32%,19.71,1.35,1.35,0.07714285714285715,yes
LAC,Put,LAC210219P00020000,2021-01-29 3:57PM EST,20.0,2.7,2.55,2.7,0.1,+3.85%,782,"4,623",134.18%,19.71,2.625,2.625,0.13125,no
LAC,Put,LAC210219P00022500,2021-01-29 3:32PM EST,22.5,4.5,4.2,4.7,0.25,+5.88%,31,"2,632",145.02%,19.71,4.45,4.45,0.19777777777777775,no
LAC,Put,LAC210219P00025000,2021-01-29 10:29AM EST,25.0,6.2,6.3,6.6,-0.14,-2.21%,22,"1,289",150.78%,19.71,6.449999999999998,6.2,0.248,no
LAC,Put,LAC210219P00030000,2021-01-28 10:32AM EST,30.0,10.6,10.8,11.2,-1.3,-10.92%,4,365,169.53%,19.71,11.0,10.6,0.3533333333333333,no
LAC,Put,LAC210219P00035000,2021-01-22 12:34PM EST,35.0,13.22,15.5,16.0,0.0,-,9,18,182.81%,19.71,15.75,13.22,0.3777142857142857,no
LAC,Put,LAC210219P00040000,2021-01-22 12:02PM EST,40.0,17.87,20.3,20.9,0.0,-,20,20,192.58%,19.71,20.6,17.87,0.44675,no
LODE,Call,LODE210219C00001000,2021-01-29 3:44PM EST,1.0,0.4,0.35,0.5,0.15,+60.00%,42,651,178.13%,1.36,0.425,0.4,0.29411764705882354,no
LODE,Call,LODE210219C00002000,2021-01-29 3:47PM EST,2.0,0.04,0.0,0.05,-0.01,-20.00%,427,511,131.25%,1.36,0.025,0.025,0.018382352941176468,yes
LODE,Call,LODE210219C00006000,2021-01-29 11:48AM EST,6.0,0.05,0.0,0.65,0.0,-,1,10,656.25%,1.36,0.325,0.05,0.036764705882352935,no
LODE,Put,LODE210219P00001000,2021-01-29 9:56AM EST,1.0,0.07,0.05,0.1,0.02,+40.00%,5,224,190.63%,1.36,0.07500000000000001,0.07,0.07,yes
LODE,Put,LODE210219P00002000,2021-01-29 10:00AM EST,2.0,0.95,0.65,1.15,0.0,-,1,781,343.75%,1.36,0.8999999999999999,0.8999999999999999,0.45,no
MP,Call,MP210219C00015000,2021-01-28 11:20AM EST,15.0,14.3,13.3,15.4,0.0,-,1,3,173.83%,29.17,14.35,14.3,0.4902296880356531,no
MP,Call,MP210219C00017500,2021-01-27 10:05AM EST,17.5,13.28,10.8,13.2,0.0,-,2,4,159.77%,29.17,12.0,12.0,0.41138155639355495,no
MP,Call,MP210219C00020000,2021-01-29 12:40PM EST,20.0,9.22,8.3,10.0,-1.18,-11.35%,4,57,166.99%,29.17,9.15,9.15,0.3136784367500857,no
MP,Call,MP210219C00022500,2021-01-29 1:10PM EST,22.5,6.9,6.8,7.3,-1.4,-16.87%,2,34,98.24%,29.17,7.05,6.9,0.2365443949262941,no
MP,Call,MP210219C00025000,2021-01-29 3:45PM EST,25.0,5.15,4.8,5.3,-1.15,-18.25%,211,"1,642",95.80%,29.17,5.05,5.05,0.17312307164895438,no
MP,Call,MP210219C00030000,2021-01-29 3:51PM EST,30.0,2.6,2.45,2.75,-0.62,-19.25%,493,"2,648",108.79%,29.17,2.6,2.6,0.08913267055193692,yes
MP,Call,MP210219C00035000,2021-01-29 3:58PM EST,35.0,1.21,1.2,1.35,-0.44,-26.67%,766,"6,417",115.14%,29.17,1.275,1.21,0.0414809736030168,no
MP,Call,MP210219C00040000,2021-01-29 3:59PM EST,40.0,0.65,0.6,0.7,-0.2,-23.53%,901,"17,079",121.58%,29.17,0.6499999999999999,0.6499999999999999,0.022283167637984228,no
MP,Call,MP210219C00045000,2021-01-29 3:28PM EST,45.0,0.39,0.3,0.4,-0.16,-29.09%,273,"2,468",127.54%,29.17,0.35,0.35,0.011998628728145356,no
MP,Call,MP210219C00050000,2021-01-29 3:11PM EST,50.0,0.23,0.2,0.25,-0.07,-23.33%,119,"2,883",136.13%,29.17,0.225,0.225,0.007713404182379156,no
MP,Call,MP210219C00055000,2021-01-29 3:16PM EST,55.0,0.2,0.1,0.2,0.0,-,36,"1,251",143.36%,29.17,0.15000000000000002,0.15000000000000002,0.0051422694549194395,no
MP,Call,MP210219C00060000,2021-01-29 3:10PM EST,60.0,0.12,0.1,0.15,-0.03,-20.00%,59,"1,739",153.91%,29.17,0.125,0.12,0.00411381556393555,no
MP,Put,MP210219P00015000,2021-01-25 3:41PM EST,15.0,0.03,0.0,0.1,0.0,-,1,12,139.06%,29.17,0.05,0.03,0.002,no
MP,Put,MP210219P00017500,2021-01-28 12:55PM EST,17.5,0.05,0.0,0.1,0.0,-,22,114,109.38%,29.17,0.05,0.05,0.002857142857142857,no
MP,Put,MP210219P00020000,2021-01-29 3:23PM EST,20.0,0.12,0.05,0.2,0.02,+20.00%,15,465,99.61%,29.17,0.125,0.12,0.006,no
MP,Put,MP210219P00022500,2021-01-29 3:58PM EST,22.5,0.45,0.4,0.5,0.03,+7.14%,52,907,103.61%,29.17,0.45,0.45,0.02,no
MP,Put,MP210219P00025000,2021-01-29 3:40PM EST,25.0,1.1,0.9,1.2,0.3,+37.50%,369,"3,446",104.20%,29.17,1.05,1.05,0.042,yes
MP,Put,MP210219P00030000,2021-01-29 3:27PM EST,30.0,3.52,3.4,3.7,0.52,+17.33%,149,"4,934",113.18%,29.17,3.55,3.52,0.11733333333333333,no
MP,Put,MP210219P00035000,2021-01-29 3:23PM EST,35.0,7.25,7.0,7.7,1.1,+17.89%,13,"1,028",125.39%,29.17,7.35,7.25,0.2071428571428572,no
MP,Put,MP210219P00040000,2021-01-29 2:00PM EST,40.0,11.75,11.5,11.9,0.63,+5.67%,6,"7,537",133.79%,29.17,11.7,11.7,0.2925,no
MP,Put,MP210219P00045000,2021-01-27 9:40AM EST,45.0,16.5,15.7,17.0,0.13,+0.79%,10,154,140.72%,29.17,16.35,16.35,0.3633333333333333,no
MP,Put,MP210219P00050000,2021-01-25 9:46AM EST,50.0,18.04,19.9,23.1,0.0,-,1,4,174.41%,29.17,21.5,18.04,0.3608,no
MP,Put,MP210219P00055000,2021-01-19 3:49PM EST,55.0,20.55,24.3,27.8,0.0,-,10,170,153.32%,29.17,26.05,20.55,0.3736363636363637,no
MP,Put,MP210219P00060000,2020-12-24 11:21AM EST,60.0,26.75,27.5,28.3,0.0,-,-,413,0.00%,29.17,27.9,26.75,0.44583333333333336,no
MUX,Call,MUX210219C00001000,2021-01-29 4:00PM EST,1.0,0.4,0.3,0.4,0.0,-,"10,883","9,521",225.00%,1.21,0.35,0.35,0.2892561983471074,no
MUX,Call,MUX210219C00002000,2021-01-29 3:59PM EST,2.0,0.15,0.1,0.15,0.0,-,"21,159","19,836",278.13%,1.21,0.125,0.125,0.10330578512396696,yes
MUX,Call,MUX210219C00003000,2021-01-29 3:29PM EST,3.0,0.07,0.05,0.1,-0.03,-30.00%,"2,251","2,327",321.88%,1.21,0.07500000000000001,0.07,0.0578512396694215,no
MUX,Call,MUX210219C00004000,2021-01-29 3:16PM EST,4.0,0.09,0.05,0.1,0.04,+80.00%,916,783,378.13%,1.21,0.07500000000000001,0.07500000000000001,0.061983471074380174,no
MUX,Call,MUX210219C00006000,2021-01-29 3:49PM EST,6.0,0.05,0.0,0.1,0.0,-,811,59,415.63%,1.21,0.05,0.05,0.04132231404958678,no
MUX,Put,MUX210219P00001000,2021-01-29 3:58PM EST,1.0,0.12,0.1,0.15,-0.03,-20.00%,"2,951","2,617",209.38%,1.21,0.125,0.12,0.12,yes
MUX,Put,MUX210219P00002000,2021-01-29 1:51PM EST,2.0,0.85,0.8,0.9,-0.06,-6.59%,172,113,209.38%,1.21,0.8500000000000001,0.85,0.425,no
MUX,Put,MUX210219P00003000,2021-01-29 1:23PM EST,3.0,1.8,1.7,1.95,-0.05,-2.70%,18,34,262.50%,1.21,1.825,1.8,0.6,no
SBSW,Call,SBSW210219C00005000,2021-01-19 12:14AM EST,5.0,11.95,9.4,11.3,0.0,-,-,2,407.03%,14.87,10.35,10.35,0.6960322797579019,no
SBSW,Call,SBSW210219C00007500,2021-01-26 3:04PM EST,7.5,7.96,7.0,7.9,0.0,-,4,5,173.44%,14.87,7.45,7.45,0.5010087424344318,no
SBSW,Call,SBSW210219C00010000,2021-01-27 12:13PM EST,10.0,5.3,4.8,5.1,0.5,+10.42%,4,56,108.98%,14.87,4.949999999999998,4.949999999999998,0.33288500336247473,no
SBSW,Call,SBSW210219C00012500,2021-01-29 3:57PM EST,12.5,2.68,2.6,2.85,-0.9,-25.14%,45,143,92.77%,14.87,2.725,2.68,0.18022864828513788,no
SBSW,Call,SBSW210219C00015000,2021-01-29 3:53PM EST,15.0,1.1,1.05,1.2,-0.65,-37.14%,203,"3,856",85.35%,14.87,1.125,1.1,0.07397444519166108,yes
SBSW,Call,SBSW210219C00017500,2021-01-29 3:46PM EST,17.5,0.42,0.4,0.45,-0.26,-38.24%,860,"9,439",89.84%,14.87,0.425,0.42,0.02824478816408877,no
SBSW,Call,SBSW210219C00020000,2021-01-29 2:46PM EST,20.0,0.18,0.1,0.2,-0.07,-28.00%,124,"7,915",93.16%,14.87,0.15000000000000002,0.15000000000000002,0.010087424344317421,no
SBSW,Call,SBSW210219C00022500,2021-01-28 2:26PM EST,22.5,0.15,0.0,0.15,0.02,+15.38%,2,"1,554",102.34%,14.87,0.075,0.075,0.00504371217215871,no
SBSW,Call,SBSW210219C00025000,2021-01-28 2:40PM EST,25.0,0.05,0.1,0.35,0.0,-,56,23,153.13%,14.87,0.225,0.05,0.0033624747814391394,no
SBSW,Put,SBSW210219P00007500,2021-01-28 3:58PM EST,7.5,0.04,0.0,0.05,0.0,-,2,3,142.19%,14.87,0.025,0.025,0.0033333333333333327,no
SBSW,Put,SBSW210219P00010000,2021-01-29 10:13AM EST,10.0,0.1,0.0,0.45,0.05,+100.00%,1,32,141.41%,14.87,0.225,0.1,0.01,no
SBSW,Put,SBSW210219P00012500,2021-01-29 3:41PM EST,12.5,0.3,0.25,0.35,0.09,+42.86%,83,"3,012",86.72%,14.87,0.3,0.3,0.024,yes
SBSW,Put,SBSW210219P00015000,2021-01-29 2:55PM EST,15.0,1.25,1.15,1.25,0.27,+27.55%,229,"3,479",81.45%,14.87,1.2,1.2,0.08,no
SBSW,Put,SBSW210219P00017500,2021-01-29 1:45PM EST,17.5,3.07,2.95,3.1,0.6,+24.29%,84,589,87.11%,14.87,3.0250000000000004,3.0250000000000004,0.17285714285714288,no
SBSW,Put,SBSW210219P00020000,2021-01-28 3:23PM EST,20.0,4.44,4.8,5.4,0.0,-,30,261,109.57%,14.87,5.1,4.44,0.22200000000000006,no
SBSW,Put,SBSW210219P00022500,2021-01-11 11:58AM EST,22.5,6.0,7.1,7.9,0.0,-,1,1,137.11%,14.87,7.5,6.0,0.26666666666666666,no
SAND,Call,SAND210219C00003000,2021-01-11 10:23AM EST,3.0,4.02,3.4,3.7,0.0,-,-,9,231.25%,6.46,3.55,3.55,0.5495356037151703,no
SAND,Call,SAND210219C00004000,2021-01-25 11:47AM EST,4.0,2.5,2.4,2.7,0.0,-,3,3,156.25%,6.46,2.55,2.5,0.38699690402476783,no
SAND,Call,SAND210219C00005000,2021-01-29 9:59AM EST,5.0,1.5,1.45,1.55,-0.2,-11.76%,13,88,77.34%,6.46,1.5,1.5,0.2321981424148607,no
SAND,Call,SAND210219C00006000,2021-01-29 12:14PM EST,6.0,0.74,0.55,0.75,-0.01,-1.33%,28,232,63.28%,6.46,0.65,0.65,0.10061919504643964,no
SAND,Call,SAND210219C00007000,2021-01-29 2:24PM EST,7.0,0.2,0.2,0.25,0.0,-,384,"2,641",69.14%,6.46,0.225,0.2,0.030959752321981424,yes
SAND,Call,SAND210219C00008000,2021-01-29 3:29PM EST,8.0,0.07,0.05,0.1,0.0,-,143,"1,342",75.00%,6.46,0.07500000000000001,0.07,0.0108359133126935,no
SAND,Call,SAND210219C00009000,2021-01-29 9:32AM EST,9.0,0.05,0.0,0.05,0.0,-,4,305,79.69%,6.46,0.025,0.025,0.003869969040247679,no
SAND,Call,SAND210219C00010000,2021-01-28 12:55PM EST,10.0,0.04,0.0,0.1,0.0,-,2,47,113.28%,6.46,0.05,0.04,0.006191950464396285,no
SAND,Call,SAND210219C00011000,2021-01-06 9:49AM EST,11.0,0.05,0.0,0.25,0.0,-,5,6,161.72%,6.46,0.125,0.05,0.007739938080495356,no
SAND,Call,SAND210219C00012000,2021-01-05 1:54PM EST,12.0,0.04,0.0,0.25,0.0,-,-,454,179.30%,6.46,0.125,0.04,0.006191950464396285,no
SAND,Put,SAND210219P00004000,2020-12-21 9:30AM EST,4.0,0.42,0.0,0.25,0.0,-,-,1,171.88%,6.46,0.125,0.125,0.03125,no
SAND,Put,SAND210219P00005000,2021-01-25 3:16PM EST,5.0,0.01,0.0,0.1,0.0,-,9,10,82.03%,6.46,0.05,0.01,0.002,no
SAND,Put,SAND210219P00006000,2021-01-29 1:57PM EST,6.0,0.16,0.15,0.25,-0.04,-20.00%,17,542,65.23%,6.46,0.2,0.16,0.02666666666666667,yes
SAND,Put,SAND210219P00007000,2021-01-29 2:36PM EST,7.0,0.76,0.65,0.8,-0.01,-1.30%,25,"1,636",61.91%,6.46,0.7250000000000001,0.7250000000000001,0.10357142857142858,no
SAND,Put,SAND210219P00008000,2021-01-28 9:56AM EST,8.0,1.45,1.55,1.7,0.07,+5.07%,1,317,78.13%,6.46,1.625,1.45,0.18125,no
SAND,Put,SAND210219P00009000,2021-01-15 2:11PM EST,9.0,2.4,2.3,2.65,0.03,+1.27%,4,37,113.28%,6.46,2.475,2.4,0.26666666666666666,no
SAND,Put,SAND210219P00010000,2021-01-15 12:56PM EST,10.0,3.65,3.3,3.8,0.0,-,1,12,85.94%,6.46,3.55,3.55,0.355,no
BTG,Call,BTG210219C00002500,2021-01-29 12:09PM EST,2.5,2.52,2.45,2.55,0.07,+2.86%,5,109,198.44%,4.95,2.5,2.5,0.5050505050505051,no
BTG,Call,BTG210219C00005000,2021-01-29 3:58PM EST,5.0,0.28,0.25,0.3,0.0,-,410,"3,579",64.45%,4.95,0.275,0.275,0.05555555555555556,yes
BTG,Call,BTG210219C00007500,2021-01-29 3:12PM EST,7.5,0.05,0.0,0.05,0.0,-,125,"1,903",103.13%,4.95,0.025,0.025,0.005050505050505051,no
BTG,Call,BTG210219C00010000,2021-01-29 9:30AM EST,10.0,0.05,0.0,0.15,0.0,-,2,25,190.63%,4.95,0.075,0.05,0.010101010101010102,no
BTG,Put,BTG210219P00002500,2021-01-28 3:49PM EST,2.5,0.02,0.0,0.05,0.0,-,8,16,171.88%,4.95,0.025,0.02,0.008,yes
BTG,Put,BTG210219P00005000,2021-01-29 3:46PM EST,5.0,0.3,0.25,0.3,0.0,-,84,"1,304",53.52%,4.95,0.275,0.275,0.055000000000000014,no
BTG,Put,BTG210219P00007500,2021-01-29 11:45AM EST,7.5,2.55,2.5,2.6,-0.15,-5.56%,2,495,50.00%,4.95,2.55,2.55,0.34,no
BTG,Put,BTG210219P00010000,2021-01-28 12:05PM EST,10.0,5.1,4.8,5.3,0.0,-,2,2,50.00%,4.95,5.05,5.05,0.505,no
EQX,Call,EQX210219C00005000,2021-01-04 1:15PM EST,5.0,5.9,4.4,5.0,0.0,-,5,5,203.91%,9.57,4.7,4.7,0.4911180773249738,no
EQX,Call,EQX210219C00007500,2021-01-27 10:46AM EST,7.5,2.25,1.4,2.65,0.0,-,200,237,174.41%,9.57,2.025,2.025,0.2115987460815047,no
EQX,Call,EQX210219C00010000,2021-01-29 3:07PM EST,10.0,0.33,0.3,0.35,-0.02,-5.71%,111,"1,408",56.06%,9.57,0.325,0.325,0.03396029258098223,yes
EQX,Call,EQX210219C00012500,2021-01-29 3:28PM EST,12.5,0.07,0.05,0.1,0.02,+40.00%,260,"1,278",81.25%,9.57,0.07500000000000001,0.07,0.007314524555903866,no
EQX,Call,EQX210219C00015000,2021-01-08 9:46AM EST,15.0,0.08,0.0,0.8,0.0,-,1,26,185.55%,9.57,0.4,0.08,0.008359456635318703,no
EQX,Call,EQX210219C00017500,2021-01-11 9:30AM EST,17.5,0.01,0.0,0.8,0.0,-,3,0,222.27%,9.57,0.4,0.01,0.0010449320794148381,no
EQX,Call,EQX210219C00020000,2021-01-19 12:50PM EST,20.0,0.04,0.0,0.8,0.0,-,-,4,251.95%,9.57,0.4,0.04,0.0041797283176593526,no
EQX,Put,EQX210219P00007500,2021-01-19 9:30AM EST,7.5,0.05,0.0,0.15,0.0,-,25,123,80.86%,9.57,0.075,0.05,0.006666666666666667,yes
EQX,Put,EQX210219P00010000,2021-01-29 10:40AM EST,10.0,0.7,0.6,0.8,0.08,+12.90%,332,"3,685",61.33%,9.57,0.7,0.7,0.06999999999999999,no
EQX,Put,EQX210219P00012500,2021-01-29 12:39PM EST,12.5,2.95,2.55,3.1,-0.05,-1.67%,7,229,101.56%,9.57,2.825,2.825,0.226,no
EQX,Put,EQX210219P00015000,2021-01-19 12:07AM EST,15.0,4.55,5.1,6.2,0.0,-,-,2,154.69%,9.57,5.65,4.55,0.3033333333333333,no
